0,-1.132324,69,0
0,-1.371094,73,0
0,-1.207520,69,0
1,6389815905,1445792,31244336,638997139,7115568,0,0
0,-1.138184,56,0
0,-1.159668,46,0
1,6389816123,1445792,31244560,638997414,7115667,1,0
0,-1.133301,54,0
0,-1.502441,61,0
1,6389816267,1445792,31244715,638997276,7115730,2,0
0,-1.071777,55,0
0,-1.200684,68,0
1,6389815993,1445792,31244445,638997533,7115621,3,0
0,-1.320312,39,0
0,-1.359375,78,0
1,6389816203,1445792,31244651,638997338,7115704,4,0
0,-1.262695,59,0
0,-1.205566,57,0
1,6389816254,1445792,31244744,638997248,7115742,5,0
0,-1.310547,63,0
0,-1.237305,60,0
1,6389816039,1445792,31244496,638997476,7115641,6,0
0,-1.513184,63,0
0,-1.285156,33,0
1,6389816355,1445792,31244830,638997158,7115775,7,0
0,-1.259766,60,0
0,-1.187988,58,0
1,6389816169,1445792,31244635,638997353,7115698,8,0
0,-1.277344,66,0
0,-1.182129,30,0
1,6389815961,1445792,31244417,638997550,7115610,9,0
0,-1.429688,59,0
0,-1.327148,63,0
1,6389816283,1445792,31244725,638997225,7115733,10,0
0,-1.283203,46,0
0,-1.167480,50,0
1,6389816099,1445792,31244537,638997446,7115658,11,0
0,-1.186035,32,0
0,-1.288086,60,0
1,6389815903,1445792,31244321,638997140,7115561,12,0
0,-1.272461,55,0
0,-1.307617,68,0
1,6389816187,1445792,31244645,638997346,7115702,13,0
0,-1.066895,54,0
0,-1.343750,70,0
1,6389815967,1445792,31244389,638997582,7115599,14,0
0,-1.172363,55,0
0,-1.373047,67,0
1,6389816257,1445792,31244693,638997278,7115720,15,0
0,-1.577637,74,0
0,-1.101074,59,0
1,6389816029,1445792,31244461,638997522,7115627,16,0
0,-1.443848,51,0
0,-1.009766,65,0
1,6389816310,1445792,31244716,638997262,7115730,17,0
0,-1.350586,58,0
0,-1.559082,42,0
1,6389816057,1445792,31244470,638997510,7115631,18,0
0,-1.319336,63,0
0,-1.212402,73,0
1,6389816221,1445792,31244796,638997382,7115766,19,0
0,-1.370117,54,0
0,-1.362305,62,0
1,6389816272,1445792,31244675,638997339,7115714,20,0
0,-1.244141,52,0
0,-1.108887,71,0
1,6389816171,1445792,31244523,638997462,7115653,21,0
0,-1.194824,73,0
0,-1.175293,55,0
1,6389816112,1445792,31244461,638997514,7115627,22,0
0,-1.346680,66,0
0,-1.306641,56,0
1,6389815921,1445792,31244276,638997202,7115543,23,0
0,-1.175293,60,0
0,-1.274414,53,0
1,6389815996,1445792,31244335,638997138,7115567,24,0
0,-1.342773,40,0
0,-1.187012,79,0
1,6389816030,1445792,31244359,638997144,7115577,25,0
0,-1.329102,66,0
0,-1.170410,50,0
1,6389816067,1445792,31244397,638997612,7115602,26,0
0,-1.161621,57,0
0,-1.254883,49,0
1,6389815971,1445792,31244464,638997723,7115633,27,0
0,-1.282227,48,0
0,-1.238281,75,0
1,18446742980587739868,1445792,31244325,638997158,26,28,0
0,-1.454590,61,0
0,-1.381836,44,0
1,6389815966,1445792,31244261,638997220,7115537,29,0
0,-1.307617,61,0
0,-1.272461,52,0
1,6389815981,1445792,31244262,638997215,7115537,30,0
0,-1.362305,75,0
0,-1.438965,45,0
1,6389816029,1445792,31244269,638997189,7115540,31,0
0,-1.146973,66,0
0,-1.151855,53,0
1,6389816040,1445792,31244371,638997692,7115593,32,0
0,-1.453613,51,0
0,-1.490723,65,0
1,6389816092,1445792,31244360,638997152,7115578,33,0
0,-1.555176,62,0
0,-1.459473,55,0
1,6389815973,1445792,31244195,638997274,7115510,34,0
0,-1.326172,76,0
0,-1.143066,55,0
1,6389816337,1445792,31244575,638997436,7115674,35,0
0,-1.450684,48,0
0,-1.171387,34,0
1,6389816178,1445792,31244410,638997604,7115607,36,0
0,-0.991211,58,0
0,-1.517090,60,0
1,6389816053,1445792,31244286,638997212,7115547,37,0
0,-1.056152,60,0
0,-1.281250,57,0
1,6389815921,1445792,31244137,638997349,7115487,38,0
0,-1.386719,46,0
0,-1.312500,63,0
1,6389816310,1445792,31244512,638997487,7115648,39,0
0,-1.351562,28,0
0,-1.316406,58,0
1,6389816213,1445792,31244402,638997603,7115604,40,0
0,-1.352539,48,0
0,-1.357422,57,0
1,6389816123,1445792,31244307,638997178,7115555,41,0
0,-1.018555,59,0
0,-1.155762,68,0
1,6389816047,1445792,31244222,638997271,7115521,42,0
0,-1.197754,56,0
0,-1.264648,46,0
1,6389816001,1445792,31244179,638997303,7115504,43,0
0,-0.959961,61,0
0,-1.417969,58,0
1,6389816365,1445792,31244516,638997486,7115650,44,0
0,-0.991211,64,0
0,-0.995117,39,0
1,6389816236,1445792,31244390,638997605,7115599,45,0
0,-1.410156,75,0
0,-1.062988,76,0
1,6389816154,1445792,31244296,638997205,7115551,46,0
0,-1.413086,64,0
0,-1.382812,61,0
1,6389815973,1445792,31244117,638997400,7115480,47,0
0,-1.532715,40,0
0,-1.397461,57,0
1,6389816202,1445792,31244339,638997175,7115569,48,0
0,-1.362305,68,0
0,-1.143066,59,0
1,6389816075,1445792,31244197,638997311,7115511,49,0
0,-1.474121,50,0
0,-1.486816,50,0
1,6389816045,1445792,31244075,638997449,7115463,50,0
0,-1.539551,62,0
0,-1.402344,62,0
1,6389816243,1445792,31244279,638997214,7115544,51,0
0,-1.197754,49,0
0,-1.154785,59,0
1,6389816024,1445792,31244071,638997456,7115461,52,0
0,-1.197754,57,0
0,-1.284180,55,0
1,6389816340,1445792,31244389,638997633,7115599,53,0
0,-1.322266,64,0
0,-1.327148,73,0
1,6389815931,1445792,31243976,638997537,7115423,54,0
0,-1.280273,64,0
0,-1.063965,75,0
1,6389816191,1445792,31244254,638997263,7115535,55,0
0,-1.091309,60,0
0,-0.990234,80,0
1,6389816389,1445792,31244450,638997568,7115623,56,0
0,-1.303711,52,0
0,-1.341797,63,0
1,6389816179,1445792,31244237,638997275,7115528,57,0
0,-1.245117,52,0
0,-1.060059,49,0
1,6389816353,1445792,31244409,638997639,7115607,58,0
0,-1.160645,74,0
0,-1.104980,65,0
1,6389816075,1445792,31244127,638997370,7115483,59,0
0,-1.196777,65,0
0,-1.171387,60,0
0,-1.410156,51,0
1,6389816315,1445792,31244288,638997214,7115548,60,0
0,-1.276367,56,0
0,-1.205566,58,0
1,6389816048,1445792,31244014,638997467,7115438,61,0
0,-1.285156,74,0
0,-1.477051,61,0
1,6389816191,1445792,31244168,638997339,7115500,62,0
0,-1.456543,69,0
0,-1.311523,56,0
1,6389815906,1445792,31243874,638997629,7115381,63,0
0,-1.417969,64,0
0,-1.285156,46,0
1,6389816165,1445792,31244128,638997389,7115484,64,0
0,-1.479004,59,0
0,-1.256836,66,0
1,6389816351,1445792,31244318,638997196,7115560,65,0
0,-1.467285,66,0
0,-1.382812,67,0
1,6389816038,1445792,31244172,638997535,7115506,66,0
0,-1.284180,57,0
0,-1.427734,58,0
1,6389815973,1445792,31243929,638997591,7115404,67,0
0,-1.429688,73,0
0,-1.538574,61,0
1,6389816027,1445792,31244002,638997532,7115434,68,0
0,-1.299805,35,0
0,-1.314453,56,0
1,6389816146,1445792,31244106,638997407,7115475,69,0
0,-1.414062,46,0
0,-1.271484,49,0
1,6389816034,1445792,31243969,638997532,7115419,70,0
0,-1.493652,34,0
0,-1.398438,50,0
1,6389816289,1445792,31244137,638997404,7115488,71,0
0,-0.802734,64,0
0,-1.017578,69,0
1,6389816109,1445792,31243955,638997575,7115414,72,0
0,-1.083496,67,0
0,-1.217285,51,0
1,6389816022,1445792,31243874,638997653,7115382,73,0
0,-1.280273,50,0
0,-1.241211,53,0
1,6389815933,1445792,31243842,638997202,7115360,74,0
0,-1.425781,44,0
0,-1.221191,57,0
1,6389815907,1445792,31243762,638997240,7115326,75,0
0,-1.323242,65,0
0,-1.289062,67,0
1,6389815974,1445792,31243826,638997178,7115352,76,0
0,-1.225098,71,0
0,-1.443848,51,0
1,6389816390,1445792,31244278,638997259,7115544,77,0
0,-1.461426,52,0
0,-1.282227,48,0
1,6389815907,1445792,31243768,638997244,7115329,78,0
0,-1.439941,48,0
0,-1.443848,35,0
1,6389816226,1445792,31244096,638997439,7115471,79,0
0,-1.113770,59,0
0,-1.471191,62,0
1,6389815924,1445792,31243792,638997217,7115339,80,0
0,-1.377930,50,0
0,-1.406250,70,0
1,6389816008,1445792,31243840,638997168,7115358,81,0
0,-1.167480,62,0
0,-1.425781,34,0
1,6389816364,1445792,31244212,638997306,7115517,82,0
0,-1.389648,56,0
0,-1.194824,54,0
1,6389816365,1445792,31244208,638997314,7115516,83,0
0,-1.276367,69,0
0,-1.091309,56,0
1,6389816381,1445792,31244209,638997309,7115516,84,0
0,-1.226074,63,0
0,-1.115723,63,0
1,6389816122,1445792,31243951,638997590,7115413,85,0
0,-1.084473,57,0
0,-1.529785,65,0
1,6389816068,1445792,31243877,638997659,7115383,86,0
0,-1.268555,61,0
0,-1.390625,70,0
1,6389815894,1445792,31243682,638997346,7115295,87,0
0,-1.052246,57,0
0,-0.994141,53,0
1,6389816177,1445792,31243979,638997551,7115424,88,0
0,-1.305664,72,0
0,-1.425781,39,0
1,6389816013,1445792,31243809,638997216,7115346,89,0
0,-1.287109,64,0
0,-1.479004,62,0
1,6389816077,1445792,31243855,638997689,7115374,90,0
0,-1.048340,64,0
0,-1.252930,62,0
1,6389815990,1445792,31243747,638997275,7115321,91,0
0,-1.439941,66,0
0,-1.320312,57,0
1,6389815969,1445792,31243710,638997312,7115306,92,0
0,-1.374023,59,0
0,-1.209473,65,0
1,6389816162,1445792,31243893,638997642,7115390,93,0
0,-1.175293,70,0
0,-1.488770,57,0
1,6389815961,1445792,31243684,638997334,7115295,94,0
0,-1.312500,52,0
0,-1.392578,72,0
1,6389816389,1445792,31244129,638997411,7115484,95,0
0,-1.194824,60,0
0,-1.551270,62,0
1,6389816294,1445792,31244008,638997531,7115436,96,0
0,-1.205566,47,0
0,-1.223145,58,0
1,6389816195,1445792,31243894,638997648,7115390,97,0
0,-1.375000,47,0
0,-1.281250,53,0
1,6389815927,1445792,31243632,638997391,7115275,98,0
0,-1.223145,73,0
0,-1.432617,72,0
1,6389816238,1445792,31243960,638997603,7115417,99,0
0,-1.366211,44,0
0,-1.316406,46,0
1,6389816120,1445792,31243789,638997224,7115338,100,0
0,-1.298828,52,0
0,-1.349609,66,0
1,6389816218,1445792,31243901,638997657,7115393,101,0
0,-1.254883,47,0
0,-1.178223,64,0
1,6389816364,1445792,31244014,638997524,7115438,102,0
0,-1.339844,37,0
0,-1.375000,53,0
1,6389816188,1445792,31243842,638997197,7115359,103,0
0,-1.474121,48,0
0,-1.393555,58,0
1,6389816055,1445792,31243683,638997342,7115295,104,0
0,-1.183105,73,0
0,-1.329102,60,0
1,6389816108,1445792,31243740,638997299,7115318,105,0
0,-1.285156,63,0
0,-1.439941,78,0
1,6389816324,1445792,31243944,638997613,7115410,106,0
0,-1.276367,70,0
0,-1.553223,65,0
1,6389816164,1445792,31243771,638997275,7115330,107,0
0,-1.118652,70,0
0,-1.358398,68,0
1,6389816022,1445792,31243628,638997421,7115273,108,0
0,-1.354492,55,0
0,-1.249023,58,0
1,6389816317,1445792,31243916,638997648,7115399,109,0
0,-1.327148,72,0
0,-1.249023,54,0
1,6389816084,1445792,31243685,638997355,7115296,110,0
0,-1.389648,66,0
0,-1.289062,21,0
1,6389816350,1445792,31243937,638997617,7115407,111,0
0,-1.446777,72,0
0,-1.361328,60,0
1,6389816042,1445792,31243612,638997406,7115266,112,0
0,-1.489746,41,0
0,-1.568848,11,0
1,6389815996,1445792,31243554,638997473,7115243,113,0
0,-1.368164,81,0
0,-1.268555,64,0
1,6389816168,1445792,31243746,638997296,7115321,114,0
0,-1.093262,48,0
0,-1.463379,84,0
1,6389816389,1445792,31243942,638997626,7115410,115,0
0,-1.199707,42,0
0,-1.313477,21,0
1,6389815895,1445792,31243413,638997615,7115186,116,0
0,-1.165527,57,0
0,-1.260742,68,0
1,6389816352,1445792,31243875,638997683,7115382,117,0
0,-1.163574,61,0
0,-1.416992,77,0
1,6389816121,1445792,31243637,638997413,7115277,118,0
0,-1.342773,45,0
0,-1.132324,44,0
1,6389816168,1445792,31243665,18446742974836921227,41,119,0
0,-1.367188,51,0
0,-1.274414,63,0
1,6389816154,1445792,31243644,638997398,7115280,120,0
0,-1.455566,70,0
0,-1.323242,47,0
1,6389816085,1445792,31243589,638997462,7115257,121,0
0,-1.010742,58,0
0,-1.246094,47,0
1,6389816000,1445792,31243488,638997566,7115217,122,0
0,-1.525879,62,0
0,-1.454590,43,0
1,6389815911,1445792,31243390,638997659,7115178,123,0
0,-1.510254,38,0
0,-1.095215,49,0
1,6389815954,1445792,31243412,638997641,7115186,124,0
0,-1.253906,70,0
0,-1.624512,71,0
1,6389815974,1445792,31243450,638997610,7115202,125,0
0,-1.417969,61,0
0,-1.338867,47,0
1,6389816021,1445792,31243475,638997578,7115212,126,0
0,-1.044434,55,0
0,-1.371094,60,0
1,6389816025,1445792,31243476,638997593,7115212,127,0
0,-1.425781,78,0
0,-0.959961,69,0
1,6389816024,1445792,31243464,638997588,7115208,128,0
0,-1.346680,66,0
0,-1.172363,82,0
1,6389816081,1445792,31243490,638997567,7115217,129,0
0,-1.338867,57,0
0,-1.174316,67,0
1,6389816046,1445792,31243466,638997585,7115208,130,0
0,-1.245117,51,0
0,-0.883301,44,0
1,6389816070,1445792,31243501,638997570,7115223,131,0
0,-1.268555,62,0
0,-1.382812,57,0
1,6389815964,1445792,31243364,638997686,7115167,132,0
0,-1.159668,63,0
0,-1.328125,67,0
1,6389816023,1445792,31243419,638997651,7115189,133,0
0,-1.391602,61,0
0,-1.462402,51,0
1,6389816091,1445792,31243492,638997588,7115219,134,0
0,-1.319336,65,0
0,-1.257812,51,0
1,6389816097,1445792,31243483,638997590,7115215,135,0
0,-1.243164,63,0
0,-1.581543,49,0
1,6389816132,1445792,31243508,638997527,7115225,136,0
0,-1.302734,57,0
0,-1.458496,69,0
1,6389816153,1445792,31243532,638997558,7115235,137,0
0,-1.362305,63,0
0,-1.405273,31,0
1,6389816165,1445792,31243529,638997534,7115233,138,0
0,-1.199707,73,0
0,-1.063965,64,0
1,6389816175,1445792,31243553,638997525,7115243,139,0
0,-1.114746,58,0
0,-1.048340,62,0
1,6389816192,1445792,31243542,638997512,7115239,140,0
0,-0.975586,63,0
0,-1.374023,74,0
1,6389816175,1445792,31243512,638997560,7115227,141,0
0,-1.436035,67,0
0,-1.098145,62,0
1,6389815905,1445792,31243239,638997315,7115107,142,0
0,-1.260742,33,0
0,-1.006836,65,0
1,6389815899,1445792,31243221,638997333,7115100,143,0
0,-1.198730,48,0
0,-1.317383,75,0
1,6389816390,1445792,31243708,638997358,7115305,144,0
0,-1.274414,68,0
0,-1.612793,62,0
1,6389816298,1445792,31243613,638997463,7115267,145,0
0,-1.237305,50,0
0,-1.245117,53,0
1,6389816268,1445792,31243549,638997498,7115241,146,0
0,-1.277344,46,0
0,-1.237305,69,0
1,6389816367,1445792,31243680,638997403,7115294,147,0
0,-1.321289,49,0
0,-1.339844,54,0
1,6389816346,1445792,31243631,638997450,7115274,148,0
0,-1.285156,58,0
0,-1.219238,57,0
1,6389816302,1445792,31243602,638997473,7115263,149,0
0,-1.502441,57,0
0,-1.283203,65,0
1,6389816225,1445792,31243536,638997544,7115236,150,0
0,-1.321289,74,0
0,-1.314453,53,0
1,6389816137,1445792,31243415,638997649,7115188,151,0
0,-1.416992,37,0
0,-1.500488,59,0
1,6389816094,1445792,31243344,638997724,7115159,152,0
0,-1.628418,89,0
0,-1.213379,73,0
1,6389815998,1445792,31243255,638997306,7115113,153,0
0,-1.471191,34,0
0,-1.426758,73,0
1,6389815924,1445792,31243145,638997429,7115069,154,0
0,-1.163574,47,0
0,-1.269531,72,0
1,6389816319,1445792,31243544,638997534,7115240,155,0
0,-1.285156,44,0
0,-1.455566,57,0
1,6389816126,1445792,31243364,638997717,7115167,156,0
0,-1.338867,25,0
0,-1.090332,63,0
1,6389816026,1445792,31243232,638997326,7115104,157,0
0,-1.339844,70,0
0,-1.213379,60,0
1,6389816339,1445792,31243582,638997517,7115255,158,0
0,-1.624512,61,0
0,-1.454590,59,0
1,6389816098,1445792,31243308,638997271,7115135,159,0
0,-1.309570,53,0
0,-1.375000,59,0
1,6389816291,1445792,31243482,638997606,7115215,160,0
0,-1.318359,62,0
0,-1.500488,66,0
1,6389816163,1445792,31243371,638997730,7115171,161,0
0,-1.311523,41,0
0,-1.442871,57,0
1,6389816166,1445792,31243337,638997225,7115146,162,0
0,-1.424805,52,0
0,-1.311523,54,0
1,6389816093,1445792,31243261,638997321,7115116,163,0
0,-1.388672,62,0
0,-1.062988,57,0
1,6389815974,1445792,31243140,638997454,7115068,164,0
0,-1.238281,44,0
0,-1.214355,59,0
1,6389816218,1445792,31243354,638997725,7115163,165,0
0,-1.213379,70,0
0,-1.462402,34,0
1,6389815958,1445792,31243084,638997473,7115044,166,0
0,-1.612793,60,0
0,-1.183105,56,0
1,6389816168,1445792,31243302,638997265,7115132,167,0
0,-1.245117,61,0
0,-1.351562,49,0
1,6389815905,1445792,31243042,638997526,7115028,168,0
0,-1.361328,56,0
0,-1.067871,61,0
1,6389816072,1445792,31243182,638997384,7115084,169,0
0,-1.490723,48,0
0,-1.171387,73,0
1,6389816087,1445792,31243201,638997387,7115092,170,0
0,-1.151855,51,0
0,-1.471191,51,0
1,6389816234,1445792,31243345,638997751,7115160,171,0
0,-1.040527,46,0
0,-1.374023,49,0
1,6389816363,1445792,31243461,638997628,7115206,172,0
0,-1.426758,55,0
0,-1.438965,49,0
1,6389816014,1445792,31243110,638997464,7115055,173,0
0,-1.432617,26,0
0,-1.227051,49,0
1,6389816226,1445792,31243304,638997265,7115133,174,0
0,-1.421875,53,0
0,-1.480957,58,0
1,6389816397,1445792,31243484,638997594,7115215,175,0
0,-1.052246,66,0
0,-1.315430,72,0
1,6389816047,1445792,31243136,638997459,7115066,176,0
0,-1.439941,87,0
0,-1.341797,54,0
1,6389816126,1445792,31243230,638997378,7115104,177,0
0,-1.607910,65,0
0,-1.296875,40,0
1,6389815904,1445792,31242955,638997613,7114993,178,0
0,-1.316406,58,0
0,-1.616699,54,0
1,6389816195,1445792,31243251,638997335,7115112,179,0
0,-0.924805,74,0
0,-1.370117,47,0
1,6389816267,1445792,31243299,638997271,7115131,180,0
0,-1.185059,75,0
0,-1.373047,74,0
1,6389816127,1445792,31243199,638997415,7115092,181,0
0,-1.506348,37,0
0,-1.424805,52,0
1,6389816231,1445792,31243258,638997333,7115115,182,0
0,-1.209473,61,0
0,-1.479004,53,0
1,6389816108,1445792,31243139,638997454,7115067,183,0
0,-1.062988,59,0
0,-1.451660,62,0
1,6389816179,1445792,31243203,638997402,7115093,184,0
0,-1.431641,87,0
0,-1.356445,60,0
1,6389816192,1445792,31243208,638997377,7115095,185,0
0,-1.170410,52,0
0,-1.135254,56,0
1,6389816391,1445792,31243400,638997705,7115182,186,0
0,-1.419922,47,0
0,-1.438965,54,0
1,6389816001,1445792,31242981,638997594,7115003,187,0
0,-1.237305,58,0
0,-1.349609,70,0
1,6389816274,1445792,31243237,638997343,7115106,188,0
0,-1.217285,57,0
0,-1.105957,49,0
1,6389816185,1445792,31243170,638997420,7115079,189,0
0,-1.311523,53,0
0,-1.264648,47,0
1,6389816171,1445792,31243140,638997461,7115068,190,0
0,-1.264648,50,0
0,-1.192871,47,0
1,6389816007,1445792,31242975,638997608,7115001,191,0
0,-1.446777,60,0
0,-1.620605,63,0
1,6389816293,1445792,31243237,638997343,7115106,192,0
0,-1.462402,51,0
0,-1.437988,63,0
1,6389816293,1445792,31243255,638997345,7115114,193,0
0,-1.500488,45,0
0,-1.307617,59,0
1,6389816186,1445792,31243118,638997464,7115058,194,0
0,-1.478027,63,0
0,-1.528809,58,0
1,6389816228,1445792,31243170,638997428,7115079,195,0
0,-1.147949,47,0
0,-1.300781,64,0
1,6389816239,1445792,31243186,638997420,7115086,196,0
0,-1.313477,60,0
0,-1.380859,60,0
1,6389816199,1445792,31243140,638997461,7115068,197,0
0,-1.103027,58,0
0,-1.399414,36,0
1,6389816246,1445792,31243171,638997409,7115079,198,0
0,-0.999023,52,0
0,-1.466309,51,0
1,6389816284,1445792,31243188,638997406,7115086,199,0
0,-1.277344,58,0
0,-1.319336,27,0
1,6389816243,1445792,31243162,638997433,7115076,200,0
0,-1.249023,59,0
0,-1.252930,55,0
1,6389816219,1445792,31243108,638997483,7115054,201,0
0,-1.110840,45,0
0,-1.317383,63,0
1,6389816080,1445792,31242989,638997639,7115007,202,0
0,-1.317383,34,0
0,-1.303711,68,0
1,6389816216,1445792,31243107,638997493,7115054,203,0
0,-1.559082,59,0
0,-1.247070,44,0
1,6389816041,1445792,31242951,638997653,7114991,204,0
0,-1.371094,64,0
0,-1.335938,47,0
1,6389816400,1445792,31243293,638997323,7115129,205,0
0,-1.160645,53,0
0,-1.593262,63,0
1,6389816053,1445792,31242949,638997665,7114991,206,0
0,-1.375000,62,0
0,-1.327148,43,0
1,6389815983,1445792,31242853,638997735,7114952,207,0
0,-1.470215,67,0
0,-1.233398,48,0
1,6389816156,1445792,31243025,638997566,7115021,208,0
0,-1.369141,29,0
0,-1.359375,62,0
1,6389816081,1445792,31242941,638997665,7114987,209,0
0,-1.392578,63,0
0,-1.093262,58,0
1,6389816035,1445792,31242903,638997697,7114972,210,0
0,-1.206543,53,0
0,-1.390625,64,0
1,6389815979,1445792,31242846,638997784,7114950,211,0
0,-1.241211,55,0
0,-1.244141,62,0
1,6389815912,1445792,31242779,638997332,7114913,212,0
0,-1.343750,28,0
0,-1.183105,54,0
1,6389816344,1445792,31243205,638997413,7115094,213,0
0,-1.446777,30,0
0,-1.207520,75,0
1,6389816143,1445792,31243158,638997654,7115079,214,0
0,-1.280273,51,0
0,-1.289062,40,0
1,6389816280,1445792,31243108,638997498,7115055,215,0
0,-1.064941,39,0
0,-1.339844,45,0
1,6389816008,1445792,31242901,638997777,7114973,216,0
0,-1.330078,42,0
0,-1.291992,52,0
1,6389816196,1445792,31243014,638997597,7115017,217,0
0,-1.252930,54,0
0,-1.429688,55,0
1,6389816272,1445792,31243068,638997550,7115038,218,0
0,-1.261719,58,0
0,-1.516113,63,0
1,6389816136,1445792,31242946,638997674,7114990,219,0
0,-1.360352,62,0
0,-1.171387,59,0
1,6389816041,1445792,31242850,638997782,7114952,220,0
0,-1.408203,67,0
0,-1.170410,57,0
1,6389815898,1445792,31242679,638997411,7114872,221,0
0,-1.262695,39,0
0,-1.183105,46,0
1,6389816277,1445792,31243046,638997549,7115030,222,0
0,-1.241211,93,0
0,-1.299805,60,0
1,6389816108,1445792,31242911,638997710,7114976,223,0
0,-1.408203,63,0
0,-1.438965,45,0
1,6389815970,1445792,31242733,638997359,7114894,224,0
0,-1.226074,38,0
0,-1.323242,68,0
1,6389816211,1445792,31242967,638997657,7114998,225,0
0,-1.377930,52,0
0,-1.382812,59,0
1,6389815952,1445792,31242706,638997401,7114883,226,0
0,-1.393555,55,0
0,-1.316406,46,0
1,6389816215,1445792,31242974,638997645,7115001,227,0
0,-1.086426,37,0
0,-1.301758,56,0
1,6389816206,1445792,31242960,638997657,7114995,228,0
0,-1.338867,61,0
0,-1.291992,60,0
1,6389816030,1445792,31242760,638997336,7114905,229,0
0,-1.428711,70,0
0,-1.376953,74,0
1,6389816348,1445792,31243072,638997537,7115040,230,0
0,-1.351562,49,0
0,-1.357422,62,0
1,6389816079,1445792,31242786,638997293,7114915,231,0
0,-1.350586,63,0
0,-1.351562,48,0
1,6389816333,1445792,31243057,638997556,7115034,232,0
0,-1.444824,42,0
0,-1.252930,54,0
1,6389816145,1445792,31242881,638997736,7114963,233,0
0,-1.233398,62,0
0,-1.194824,67,0
1,6389815945,1445792,31242660,638997461,7114865,234,0
0,-1.222168,68,0
0,-1.403320,72,0
1,6389816182,1445792,31242920,638997701,7114979,235,0
0,-1.398438,64,0
0,-1.542480,62,0
1,6389815911,1445792,31242646,638997464,7114859,236,0
0,-1.347656,53,0
0,-1.558105,55,0
1,6389816117,1445792,31242834,638997783,7114945,237,0
0,-1.196777,67,0
0,-1.314453,79,0
1,6389816295,1445792,31243010,638997625,7115015,238,0
0,-1.119629,64,0
0,-1.535645,46,0
1,6389815918,1445792,31242645,638997456,7114859,239,0
0,-1.170410,56,0
0,-1.139160,78,0
1,6389816157,1445792,31242861,638997745,7114955,240,0
0,-1.377930,43,0
0,-1.470215,70,0
1,6389815940,1445792,31242646,638997470,7114859,241,0
0,-1.241211,63,0
0,-1.268555,65,0
1,6389816284,1445792,31242983,638997652,7115004,242,0
0,-1.211426,65,0
0,-1.454590,42,0
1,6389815919,1445792,31242613,638997483,7114846,243,0
0,-1.351562,52,0
0,-1.397461,91,0
1,6389816101,1445792,31242804,638997332,7114923,244,0
0,-1.486816,43,0
0,-1.569824,50,0
1,6389816096,1445792,31242763,638997340,7114906,245,0
0,-1.381836,62,0
0,-1.462402,50,0
1,6389816272,1445792,31242963,638997662,7114996,246,0
0,-1.221191,61,0
0,-1.463379,48,0
1,6389816390,1445792,31243045,638997577,7115029,247,0
0,-1.437012,62,0
0,-1.299805,44,0
1,6389816152,1445792,31242836,638997815,7114946,248,0
0,-1.184082,63,0
0,-1.245117,63,0
1,6389816303,1445792,31242978,638997649,7115003,249,0
0,-1.195801,56,0
0,-1.351562,64,0
1,6389816364,1445792,31243035,638997601,7115025,250,0
0,-1.447754,49,0
0,-1.454590,50,0
1,6389815987,1445792,31242647,638997464,7114859,251,0
0,-1.500488,66,0
0,-1.304688,66,0
1,6389816158,1445792,31242795,638997326,7114919,252,0
0,-1.397461,59,0
0,-1.323242,60,0
1,6389816346,1445792,31243012,638997639,7115017,253,0
0,-1.135254,34,0
0,-1.488770,61,0
1,6389815965,1445792,31242592,638997529,7114837,254,0
0,-1.632324,62,0
0,-1.496582,65,0
1,6389816169,1445792,31242837,638997793,7114946,255,0
0,-1.631348,40,0
0,-1.489746,52,0
1,6389816360,1445792,31242977,638997640,7115001,256,0
0,-1.431641,54,0
0,-1.479004,59,0
1,6389816324,1445792,31242950,638997667,7114991,257,0
0,-1.453613,60,0
0,-1.375000,55,0
1,6389816403,1445792,31243027,638997600,7115022,258,0
0,-1.644531,69,0
0,-1.370117,64,0
1,6389816208,1445792,31242838,638997793,7114946,259,0
0,-1.466309,65,0
0,-1.549316,70,0
1,6389815910,1445792,31242546,638997599,7114819,260,0
0,-1.040527,70,0
0,-1.376953,53,0
1,6389816022,1445792,31242615,638997480,7114846,261,0
0,-1.462402,45,0
0,-1.335938,54,0
1,6389816107,1445792,31242709,638997399,7114884,262,0
0,-1.524902,50,0
0,-1.442871,71,0
1,6389816103,1445792,31242709,638997418,7114884,263,0
0,-1.481934,50,0
0,-1.285156,69,0
1,18446742980587740076,1445792,31242826,638997279,26,264,0
0,-1.363281,46,0
0,-1.237305,48,0
1,6389816385,1445792,31242966,638997640,7114997,265,0
0,-1.095215,42,0
0,-1.308594,41,0
1,6389815895,1445792,31242480,638997637,7114792,266,0
0,-1.457520,64,0
0,-1.323242,27,0
1,6389816039,1445792,31242608,638997483,7114843,267,0
0,-1.451660,34,0
0,-1.282227,87,0
1,6389816153,1445792,31242759,638997399,7114905,268,0
0,-1.386719,42,0
0,-1.593262,74,0
1,6389816253,1445792,31242846,638997793,7114949,269,0
0,-1.288086,69,0
0,-1.470215,60,0
1,6389816393,1445792,31242978,638997659,7115003,270,0
0,-1.206543,49,0
0,-1.473145,74,0
1,6389816002,1445792,31242572,638997550,7114829,271,0
0,-1.405273,91,0
0,-1.161621,49,0
1,6389815991,1445792,31242567,638997543,7114827,272,0
0,-1.197754,45,0
0,-1.365234,48,0
1,6389816087,1445792,31242638,638997488,7114856,273,0
0,-1.208496,62,0
0,-1.577637,15,0
1,6389816143,1445792,31242670,638997424,7114868,274,0
0,-1.492676,65,0
0,-1.358398,44,0
1,6389816089,1445792,31242637,638997490,7114856,275,0
0,-1.154785,72,0
0,-1.265625,45,0
1,6389816164,1445792,31242692,638997422,7114877,276,0
0,-1.416992,32,0
0,-1.353516,50,0
1,6389816215,1445792,31242743,638997361,7114898,277,0
0,-1.253906,54,0
0,-1.185059,65,0
1,6389816063,1445792,31242626,638997504,7114851,278,0
0,-1.215332,70,0
0,-1.253906,16,0
1,6389816167,1445792,31242690,638997413,7114876,279,0
0,-1.325195,67,0
0,-1.318359,43,0
1,6389816038,1445792,31242571,638997551,7114829,280,0
0,-1.342773,68,0
0,-1.315430,82,0
1,6389816098,1445792,31242633,638997507,7114854,281,0
0,-1.516113,61,0
0,-1.289062,53,0
1,6389816168,1445792,31242698,638997444,7114880,282,0
0,-1.147949,50,0
0,-1.343750,24,0
1,6389816246,1445792,31242780,638997359,7114913,283,0
0,-1.520020,54,0
0,-1.481934,70,0
1,6389816288,1445792,31242783,638997345,7114914,284,0
0,-1.550293,54,0
0,-1.414062,56,0
1,6389816357,1445792,31242878,638997784,7114963,285,0
0,-1.272461,57,0
0,-1.207520,67,0
1,6389815917,1445792,31242428,638997721,7114772,286,0
0,-1.218262,66,0
0,-1.208496,52,0
1,6389816333,1445792,31242842,638997790,7114948,287,0
0,-1.234375,63,0
0,-1.549316,58,0
1,6389816338,1445792,31242830,638997796,7114943,288,0
0,-1.174316,67,0
0,-1.300781,51,0
1,6389816292,1445792,31242756,638997358,7114903,289,0
0,-1.416992,46,0
0,-1.405273,73,0
1,6389816306,1445792,31242787,638997353,7114916,290,0
0,-1.308594,46,0
0,-1.174316,66,0
1,6389816331,1445792,31242792,638997333,7114918,291,0
0,-1.492676,38,0
0,-1.338867,70,0
1,6389816352,1445792,31242806,638997327,7114923,292,0
0,-1.352539,63,0
0,-1.104004,79,0
1,6389816358,1445792,31242826,638997323,7114932,293,0
0,-1.406250,60,0
0,-1.420898,76,0
1,6389816281,1445792,31242751,638997397,7114901,294,0
0,-1.420898,61,0
0,-1.266602,55,0
1,6389816287,1445792,31242750,638997390,7114901,295,0
0,-1.547363,60,0
0,-1.291992,61,0
1,6389816290,1445792,31242749,638997387,7114901,296,0
0,-1.562012,32,0
0,-1.335938,61,0
1,6389816256,1445792,31242699,638997444,7114880,297,0
0,-1.121582,59,0
0,-1.481934,28,0
1,6389816213,1445792,31242663,638997471,7114866,298,0
0,-1.466309,39,0
0,-1.266602,52,0
1,6389816205,1445792,31242644,638997497,7114859,299,0
0,-1.566895,57,0
0,-1.248047,68,0
1,6389816166,1445792,31242600,638997522,7114840,300,0
0,-1.216309,84,0
0,-1.272461,55,0
1,6389816056,1445792,31242476,638997653,7114791,301,0
0,-1.473145,64,0
0,-1.501465,52,0
1,6389816036,1445792,31242459,638997667,7114784,302,0
0,-1.330078,67,0
0,-1.399414,95,0
1,6389815961,1445792,31242369,638997779,7114748,303,0
0,-1.242188,46,0
0,-1.135254,58,0
1,6389816404,1445792,31242809,638997311,7114924,304,0
0,-1.274414,78,0
0,-1.105957,64,0
1,6389816044,1445792,31242469,638997654,7114788,305,0
0,-1.337891,63,0
0,-1.366211,64,0
1,6389816034,1445792,31242428,638997708,7114771,306,0
0,-1.266602,35,0
0,-1.294922,67,0
1,6389815971,1445792,31242385,638997762,7114754,307,0
0,-1.310547,71,0
0,-1.268555,62,0
1,6389816147,1445792,31242534,638997597,7114814,308,0
0,-1.393555,61,0
0,-1.108887,71,0
1,6389816351,1445792,31242749,638997403,7114901,309,0
0,-1.307617,55,0
0,-1.447754,59,0
1,6389816190,1445792,31242562,638997576,7114825,310,0
0,-1.143066,78,0
0,-1.110840,66,0
1,6389815905,1445792,31242256,638997344,7114692,311,0
0,-1.437988,66,0
0,-1.312500,33,0
1,6389816404,1445792,31242773,638997367,7114910,312,0
0,-1.350586,55,0
0,-1.497559,38,0
1,6389816217,1445792,31242575,638997555,7114830,313,0
0,-1.363281,26,0
0,-1.651367,24,0
1,6389816090,1445792,31242428,638997687,7114771,314,0
0,-1.255859,59,0
0,-1.323242,46,0
1,6389816052,1445792,31242418,638997727,7114768,315,0
0,-1.481934,15,0
0,-1.170410,65,0
1,6389815964,1445792,31242311,638997331,7114715,316,0
0,-1.431641,62,0
0,-1.282227,68,0
1,6389815914,1445792,31242267,638997361,7114697,317,0
0,-1.300781,40,0
0,-1.203613,45,0
1,6389816120,1445792,31242467,638997674,7114787,318,0
0,-1.133301,61,0
0,-0.948242,80,0
1,6389815916,1445792,31242258,638997388,7114693,319,0
0,-1.322266,79,0
0,-1.691406,65,0
1,6389815998,1445792,31242346,638997806,7114739,320,0
