0,-0.177246,13,356.374512
0,-0.069824,23,356.264648
1,6389815980,1445792,31245664,638997525,7116136,0,356
0,-0.187012,4,356.440430
0,-0.023438,17,356.374512
1,6389816150,1445792,31245829,638997366,7116203,1,356
0,-0.228027,8,356.396484
0,-0.201660,9,356.396484
1,6389816304,1445792,31245967,638997721,7116268,2,356
0,0.117676,17,356.330566
0,-0.175293,9,356.418457
1,6389815932,1445792,31245596,638997586,7116109,3,356
0,-0.135254,10,356.352539
0,-0.155762,10,356.396484
1,6389816075,1445792,31245722,638997463,7116160,4,356
0,-0.097168,5,356.330566
0,-0.224121,18,356.396484
1,6389816222,1445792,31245874,638997331,7116221,5,356
0,-0.206543,-4,356.418457
0,-0.249512,12,356.374512
1,6389816366,1445792,31245980,638997705,7116273,6,356
0,-0.282715,9,356.330566
0,-0.023438,5,356.286621
1,6389815955,1445792,31245570,638997612,7116099,7,356
0,-0.182129,7,356.484375
0,-0.205566,1,356.418457
1,6389816032,1445792,31245646,638997538,7116129,8,356
0,-0.085449,8,356.352539
0,-0.170410,11,356.352539
1,6389816097,1445792,31245690,638997493,7116147,9,356
0,-0.178223,13,356.308594
0,-0.131348,5,356.330566
1,6389816131,1445792,31245713,638997476,7116156,10,356
0,-0.048828,4,356.440430
0,-0.143066,11,356.330566
1,6389816154,1445792,31245701,638997483,7116151,11,356
0,0.069824,8,356.418457
0,-0.046875,10,356.330566
1,6389816139,1445792,31245671,638997524,7116139,12,356
0,-0.139160,4,356.352539
0,-0.174316,14,356.396484
1,6389816105,1445792,31245616,638997585,7116117,13,356
0,-0.065918,5,356.396484
0,-0.132324,11,356.374512
1,6389816040,1445792,31245533,638997658,7116083,14,356
0,-0.169434,3,356.374512
0,-0.096191,1,356.352539
1,6389815967,1445792,31245463,638997743,7116056,15,356
0,0.011719,7,356.418457
0,-0.115723,16,356.264648
1,6389816366,1445792,31245841,638997371,7116208,16,356
0,-0.043945,7,356.418457
0,-0.062012,7,356.374512
1,6389816235,1445792,31245674,638997520,7116140,17,356
0,-0.031250,4,356.418457
0,-0.235840,16,356.440430
1,6389816087,1445792,31245512,638997698,7116075,18,356
0,0.261230,7,356.418457
0,-0.039062,-1,356.330566
1,6389815912,1445792,31245317,638997378,7115987,19,356
0,0.003906,6,356.440430
0,-0.093262,7,356.308594
1,6389816232,1445792,31245615,638997591,7116116,20,356
0,0.018555,10,356.462402
0,-0.221191,14,356.418457
1,6389816019,1445792,31245402,638997825,7116031,21,356
0,0.123535,8,356.374512
0,-0.216309,11,356.396484
1,6389816292,1445792,31245650,638997581,7116131,22,356
0,-0.221191,1,356.330566
0,0.104004,8,356.418457
1,6389816029,1445792,31245349,638997349,7116000,23,356
0,-0.173340,10,356.286621
0,-0.144043,6,356.396484
1,6389816234,1445792,31245540,638997661,7116086,24,356
0,-0.144043,8,356.418457
0,-0.229980,4,356.330566
1,6389815898,1445792,31245195,638997507,7115938,25,356
0,-0.129395,-8,356.462402
0,-0.097168,5,356.440430
1,6389816046,1445792,31245327,638997385,7115991,26,356
0,-0.220215,4,356.286621
0,-0.249512,-4,356.374512
1,6389816174,1445792,31245459,638997766,7116054,27,356
0,-0.062012,-1,356.374512
0,-0.069824,6,356.374512
1,6389816294,1445792,31245535,638997673,7116084,28,356
0,0.015625,12,356.396484
0,-0.181152,14,356.308594
1,6389816369,1445792,31245593,638997625,7116107,29,356
0,0.003906,10,356.418457
0,-0.212402,7,356.286621
1,6389815910,1445792,31245118,638997597,7115907,30,356
0,-0.177246,2,356.396484
0,-0.239746,5,356.418457
1,6389815970,1445792,31245154,638997548,7115921,31,356
0,-0.089355,6,356.418457
0,-0.103027,4,356.374512
1,6389815998,1445792,31245169,638997536,7115927,32,356
0,-0.181152,5,356.374512
0,-0.085449,5,356.330566
1,6389816021,1445792,31245159,638997540,7115923,33,356
0,-0.069824,14,356.374512
0,-0.120605,8,356.440430
1,6389815990,1445792,31245150,638997580,7115920,34,356
0,0.023438,13,356.462402
0,-0.108887,7,356.396484
1,6389815975,1445792,31245125,638997601,7115910,35,356
0,-0.065918,12,356.352539
0,-0.217285,3,356.374512
1,6389815936,1445792,31245046,638997663,7115878,36,356
0,-0.064941,5,356.352539
0,0.011719,7,356.440430
1,6389816358,1445792,31245452,638997784,7116051,37,356
0,-0.096191,4,356.374512
0,-0.035156,5,356.418457
1,6389816229,1445792,31245311,638997409,7115985,38,356
0,-0.169434,6,356.286621
0,0.178223,1,356.308594
1,6389816092,1445792,31245171,638997555,7115928,39,356
0,-0.088379,15,356.506348
0,-0.097168,7,356.374512
1,6389815939,1445792,31245011,638997721,7115865,40,356
0,-0.285645,5,356.352539
0,-0.124512,11,356.352539
1,6389816295,1445792,31245343,638997383,7115997,41,356
0,-0.367676,11,356.396484
0,-0.251465,6,356.352539
1,6389816144,1445792,31245200,638997537,7115940,42,356
0,-0.196777,12,356.330566
0,-0.069824,4,356.264648
1,6389815973,1445792,31245015,638997721,7115866,43,356
0,-0.212402,6,356.352539
0,-0.112793,8,356.330566
1,6389816304,1445792,31245299,638997416,7115979,44,356
0,-0.190918,0,356.418457
0,0.120605,10,356.440430
1,6389816097,1445792,31245082,638997655,7115893,45,356
0,-0.128418,13,356.330566
0,-0.293457,11,356.396484
1,6389816367,1445792,31245343,638997397,7115997,46,356
0,-0.062012,10,356.352539
0,0.011719,4,356.374512
1,6389816107,1445792,31245077,638997659,7115891,47,356
0,-0.041992,12,356.308594
0,-0.027344,8,356.286621
1,6389816348,1445792,31245318,638997429,7115987,48,356
0,0.097168,4,356.396484
0,0.000000,9,356.374512
1,6389816081,1445792,31245019,638997720,7115867,49,356
0,0.011719,5,356.330566
0,0.081543,12,356.352539
1,6389816288,1445792,31245208,638997527,7115943,50,356
0,0.019531,4,356.308594
0,-0.120605,6,356.374512
1,6389815968,1445792,31244889,638997854,7115815,51,356
0,-0.222168,3,356.330566
0,-0.140137,6,356.330566
1,6389816159,1445792,31245059,638997667,7115883,52,356
0,-0.252441,-4,356.374512
0,-0.070801,9,356.352539
1,6389816331,1445792,31245212,638997528,7115945,53,356
0,0.046875,7,356.308594
0,-0.233887,12,356.330566
1,6389815960,1445792,31244833,638997397,7115783,54,356
0,-0.062988,1,356.396484
0,-0.251465,10,356.308594
1,6389816096,1445792,31244968,638997775,7115847,55,356
0,-0.185059,7,356.330566
0,-0.212402,2,356.264648
1,6389816223,1445792,31245089,638997653,7115896,56,356
0,-0.243652,4,356.418457
0,0.085449,8,356.352539
1,6389816341,1445792,31245202,638997548,7115941,57,356
0,0.072754,7,356.330566
0,-0.067871,7,356.418457
1,6389815911,1445792,31244759,638997473,7115753,58,356
0,-0.209473,5,356.352539
0,-0.206543,12,356.352539
1,6389815964,1445792,31244772,638997458,7115758,59,356
0,-0.062012,7,356.374512
0,-0.086426,12,356.352539
1,6389815975,1445792,31244822,638997437,7115778,60,356
0,-0.100098,9,356.352539
0,-0.015625,-1,356.352539
1,6389815985,1445792,31244792,638997423,7115766,61,356
0,-0.177246,13,356.418457
0,-0.332520,20,356.330566
1,6389815982,1445792,31244802,638997456,7115771,62,356
0,-0.035156,7,356.264648
0,-0.293457,5,356.330566
1,6389815976,1445792,31244765,638997468,7115755,63,356
0,0.127441,8,356.308594
0,-0.072754,5,356.308594
1,6389815960,1445792,31244758,638997501,7115753,64,356
0,0.104980,5,356.418457
0,-0.305176,7,356.352539
1,6389815953,1445792,31244726,638997524,7115740,65,356
0,-0.192871,18,356.286621
0,-0.445312,-1,356.440430
1,6389815915,1445792,31244698,638997544,7115729,66,356
0,-0.188965,-3,356.374512
0,-0.212402,10,356.374512
1,6389816377,1445792,31245139,638997618,7115915,67,356
0,-0.121582,8,356.396484
0,-0.263184,8,356.396484
1,6389816308,1445792,31245070,638997691,7115888,68,356
0,0.041992,7,356.440430
0,-0.035156,13,356.352539
1,6389816234,1445792,31244992,638997782,7115857,69,356
0,-0.139160,1,356.352539
0,-0.286621,5,356.286621
1,6389816156,1445792,31244892,638997863,7115816,70,356
0,-0.231934,5,356.396484
0,-0.019531,0,356.396484
1,6389816088,1445792,31244806,638997434,7115771,71,356
0,-0.121582,17,356.264648
0,-0.297363,7,356.352539
1,6389816000,1445792,31244724,638997520,7115739,72,356
0,-0.062012,4,356.330566
0,-0.182129,4,356.286621
1,6389815912,1445792,31244634,638997610,7115703,73,356
0,-0.198730,11,356.286621
0,-0.265137,4,356.330566
1,6389816318,1445792,31245025,638997729,7115870,74,356
0,-0.202637,3,356.264648
0,-0.251465,8,356.330566
1,6389816220,1445792,31244908,638997858,7115823,75,356
0,-0.112793,7,356.374512
0,-0.216309,4,356.242676
1,6389816093,1445792,31244772,638997469,7115758,76,356
0,-0.136230,11,356.396484
0,0.128418,2,356.418457
1,6389815951,1445792,31244640,638997611,7115705,77,356
0,0.085449,7,356.352539
0,-0.097168,6,356.374512
1,6389816315,1445792,31245003,638997767,7115861,78,356
0,0.026367,5,356.352539
0,0.104980,8,356.352539
1,6389816163,1445792,31244819,638997427,7115777,79,356
0,-0.018555,4,356.308594
0,0.046875,7,356.440430
1,6389815985,1445792,31244643,638997602,7115706,80,356
0,-0.173340,6,356.352539
0,-0.197754,5,356.330566
1,6389816337,1445792,31244964,638997790,7115845,81,356
0,-0.220215,10,356.286621
0,-0.100098,14,356.374512
1,6389816107,1445792,31244753,638997495,7115750,82,356
0,-0.128418,10,356.462402
0,0.217285,8,356.330566
1,6389816399,1445792,31245023,638997733,7115869,83,356
0,-0.115723,10,356.352539
0,-0.453125,3,356.352539
1,6389816158,1445792,31244770,638997468,7115757,84,356
0,-0.072754,5,356.330566
0,-0.073730,3,356.440430
1,6389815910,1445792,31244521,638997724,7115657,85,356
0,-0.136230,-2,356.286621
0,0.136230,3,356.374512
1,6389816167,1445792,31244777,638997473,7115760,86,356
0,0.123535,4,356.308594
0,-0.100098,4,356.462402
1,6389815901,1445792,31244503,638997738,7115650,87,356
0,-0.111816,4,356.396484
0,-0.173340,14,356.374512
1,6389816160,1445792,31244748,638997500,7115748,88,356
0,-0.321777,3,356.308594
0,-0.235840,4,356.374512
1,18446742980587739747,1445792,31244483,638997769,26,89,356
0,-0.251465,4,356.330566
0,-0.096191,14,356.330566
1,6389816152,1445792,31244744,638997528,7115747,90,356
0,0.092285,8,356.418457
0,0.061035,8,356.330566
1,6389816397,1445792,31244966,638997798,7115846,91,356
0,-0.177246,11,356.418457
0,-0.115723,12,356.352539
1,6389816111,1445792,31244700,638997563,7115729,92,356
0,-0.169434,2,356.396484
0,-0.241699,3,356.330566
1,6389816355,1445792,31244939,638997839,7115835,93,356
0,-0.204590,-5,356.286621
0,-0.212402,6,356.308594
1,6389816081,1445792,31244649,638997609,7115709,94,356
0,-0.239746,3,356.374512
0,-0.023438,9,356.286621
1,6389816297,1445792,31244863,638997400,7115795,95,356
0,-0.023438,20,356.286621
0,-0.193848,5,356.330566
1,6389815991,1445792,31244565,638997695,7115675,96,356
0,-0.136230,5,356.352539
0,-0.023438,4,356.396484
1,6389816217,1445792,31244763,638997497,7115754,97,356
0,-0.204590,8,356.352539
0,-0.115723,11,356.374512
1,6389816405,1445792,31244951,638997842,7115840,98,356
0,0.177246,9,356.352539
0,-0.281738,3,356.374512
1,6389816060,1445792,31244584,638997669,7115682,99,356
0,-0.101074,6,356.418457
0,-0.205566,11,356.374512
1,6389816221,1445792,31244741,638997526,7115746,100,356
0,-0.132324,7,356.396484
0,-0.205566,13,356.352539
1,6389816370,1445792,31244888,638997903,7115815,101,356
0,0.145020,11,356.308594
0,-0.011719,12,356.308594
1,6389815983,1445792,31244500,638997774,7115649,102,356
0,-0.068848,11,356.352539
0,-0.260254,8,356.330566
1,6389816122,1445792,31244630,638997642,7115701,103,356
0,-0.036133,11,356.396484
0,-0.108887,6,356.374512
1,6389816243,1445792,31244750,638997529,7115750,104,356
0,-0.182129,4,356.440430
0,-0.174316,5,356.308594
1,6389816359,1445792,31244847,638997410,7115788,105,356
0,0.073730,7,356.374512
0,-0.101074,11,356.462402
1,6389815961,1445792,31244446,638997819,7115627,106,356
0,-0.143066,16,356.308594
0,0.178223,8,356.440430
1,6389816060,1445792,31244544,638997726,7115667,107,356
0,0.073730,2,356.374512
0,-0.072754,12,356.352539
1,6389816159,1445792,31244636,638997653,7115704,108,356
0,0.102051,5,356.352539
0,-0.039062,18,356.352539
1,6389816228,1445792,31244706,638997573,7115732,109,356
0,-0.135254,6,356.308594
0,-0.197754,10,356.286621
1,6389816286,1445792,31244752,638997528,7115750,110,356
0,-0.181152,13,356.352539
0,-0.336426,13,356.374512
1,6389816308,1445792,31244765,638997496,7115755,111,356
0,0.000000,14,356.264648
0,-0.316895,17,356.374512
1,6389816372,1445792,31244831,638997442,7115782,112,356
0,-0.108887,8,356.374512
0,-0.014648,5,356.330566
1,6389815911,1445792,31244370,638997918,7115597,113,356
0,-0.065918,-10,356.308594
0,-0.116699,7,356.374512
1,6389815967,1445792,31244391,638997873,7115605,114,356
0,-0.290527,10,356.484375
0,-0.119629,1,356.352539
1,6389815988,1445792,31244431,638997851,7115622,115,356
0,-0.173340,8,356.462402
0,-0.135254,0,356.418457
1,6389816019,1445792,31244444,638997824,7115626,116,356
0,-0.098145,10,356.308594
0,-0.204590,6,356.352539
1,6389816032,1445792,31244467,638997804,7115636,117,356
0,-0.097168,11,356.330566
0,-0.129395,3,356.352539
1,6389816051,1445792,31244483,638997794,7115642,118,356
0,-0.068848,18,356.286621
0,-0.135254,3,356.440430
1,6389816054,1445792,31244487,638997796,7115644,119,356
0,-0.148926,6,356.330566
0,-0.144043,6,356.374512
1,6389816059,1445792,31244474,638997796,7115638,120,356
0,-0.019531,21,356.440430
0,-0.305176,5,356.330566
1,6389816042,1445792,31244471,638997806,7115637,121,356
0,-0.143066,2,356.396484
0,-0.170410,13,356.418457
1,6389816041,1445792,31244459,638997819,7115633,122,356
0,-0.015625,-3,356.308594
0,-0.189941,15,356.374512
1,6389816045,1445792,31244440,638997848,7115625,123,356
0,-0.336426,8,356.352539
0,-0.127441,8,356.286621
1,6389816026,1445792,31244408,638997868,7115612,124,356
0,-0.229004,8,356.462402
0,-0.104980,4,356.484375
1,6389815977,1445792,31244372,638997915,7115597,125,356
0,-0.065918,6,356.374512
0,0.035156,4,356.374512
1,6389815951,1445792,31244326,638997448,7115569,126,356
0,-0.011719,0,356.308594
0,0.093262,3,356.396484
1,6389815897,1445792,31244265,638997483,7115544,127,356
0,-0.135254,32,356.374512
0,-0.231934,11,356.264648
1,6389816367,1445792,31244725,638997552,7115739,128,356
0,-0.147949,3,356.374512
0,-0.065918,3,356.330566
1,6389816294,1445792,31244671,638997605,7115718,129,356
0,-0.128418,6,356.352539
0,0.003906,7,356.396484
1,6389816234,1445792,31244614,638997673,7115695,130,356
0,-0.081543,6,356.308594
0,-0.143066,11,356.330566
1,6389816170,1445792,31244519,638997749,7115656,131,356
0,-0.108887,6,356.374512
0,-0.143066,8,356.286621
1,6389816094,1445792,31244444,638997847,7115627,132,356
0,-0.170410,18,356.352539
0,0.081543,3,356.418457
1,6389815999,1445792,31244357,638997416,7115582,133,356
0,-0.154785,4,356.308594
0,-0.072754,9,356.418457
1,6389815906,1445792,31244251,638997530,7115539,134,356
0,-0.267090,-1,356.418457
0,-0.154785,14,356.330566
1,6389816313,1445792,31244640,638997652,7115705,135,356
0,-0.062012,-2,356.264648
0,-0.105957,5,356.264648
1,6389816202,1445792,31244520,638997759,7115657,136,356
0,-0.035156,8,356.308594
0,-0.127441,8,356.440430
1,6389816084,1445792,31244426,638997875,7115620,137,356
0,0.212402,1,356.352539
0,0.097168,12,356.242676
1,6389815963,1445792,31244259,638997502,7115542,138,356
0,-0.187012,6,356.374512
0,-0.212402,11,356.308594
1,6389816341,1445792,31244647,638997651,7115708,139,356
0,-0.146973,12,356.484375
0,-0.112793,-5,356.396484
1,6389816188,1445792,31244504,638997782,7115651,140,356
0,-0.089355,9,356.308594
0,-0.112793,11,356.396484
1,6389816036,1445792,31244324,638997425,7115568,141,356
0,-0.101074,8,356.418457
0,-0.239746,8,356.286621
1,6389815895,1445792,31244192,638997590,7115516,142,356
0,-0.181152,5,356.374512
0,0.031250,3,356.308594
1,6389816237,1445792,31244544,638997740,7115667,143,356
0,-0.292480,10,356.418457
0,-0.247559,10,356.308594
1,6389816079,1445792,31244382,638997916,7115602,144,356
0,-0.019531,7,356.418457
0,-0.226074,-6,356.264648
1,6389815910,1445792,31244188,638997577,7115513,145,356
0,-0.094238,-3,356.308594
0,-0.209473,15,356.352539
1,6389816249,1445792,31244530,638997759,7115661,146,356
0,-0.192871,15,356.418457
0,0.019531,1,356.374512
1,6389816050,1445792,31244332,638997439,7115571,147,356
0,-0.121582,18,356.330566
0,-0.231934,7,356.352539
1,6389816384,1445792,31244653,638997638,7115711,148,356
0,-0.145020,9,356.286621
0,-0.077637,6,356.308594
1,6389816178,1445792,31244454,638997847,7115631,149,356
0,-0.121582,3,356.374512
0,-0.097168,15,356.418457
1,6389815972,1445792,31244238,638997550,7115534,150,356
0,-0.192871,11,356.330566
0,-0.062012,2,356.308594
1,6389816272,1445792,31244525,638997771,7115659,151,356
0,-0.019531,10,356.352539
0,-0.126465,4,356.396484
1,6389816041,1445792,31244299,638997471,7115558,152,356
0,0.085449,6,356.352539
0,0.097168,9,356.396484
1,6389816350,1445792,31244594,638997695,7115686,153,356
0,-0.101074,9,356.242676
0,-0.119629,3,356.330566
1,6389816115,1445792,31244378,638997919,7115600,154,356
0,-0.072754,8,356.374512
0,-0.142090,10,356.264648
1,6389815898,1445792,31244150,638997633,7115499,155,356
0,-0.018555,10,356.330566
0,-0.041992,4,356.374512
1,6389816179,1445792,31244429,638997863,7115620,156,356
0,-0.104980,-3,356.352539
0,-0.007812,6,356.396484
1,6389815944,1445792,31244182,638997601,7115511,157,356
0,-0.202637,-2,356.308594
0,-0.081543,5,356.352539
1,6389816221,1445792,31244447,638997851,7115628,158,356
0,0.041992,3,356.264648
0,-0.115723,8,356.264648
1,6389815968,1445792,31244186,638997592,7115513,159,356
0,-0.062012,7,356.374512
0,-0.186035,2,356.374512
1,6389816219,1445792,31244440,638997849,7115625,160,356
0,0.019531,4,356.374512
0,-0.170410,8,356.374512
1,6389815962,1445792,31244189,638997602,7115514,161,356
0,0.094238,8,356.418457
0,-0.031250,5,356.264648
1,6389816209,1445792,31244432,638997864,7115622,162,356
0,-0.097168,5,356.396484
0,0.000000,12,356.330566
1,6389815950,1445792,31244160,638997637,7115503,163,356
0,0.046875,9,356.308594
0,-0.007812,7,356.286621
1,6389816165,1445792,31244377,638997923,7115600,164,356
0,-0.291504,-1,356.374512
0,-0.015625,11,356.396484
1,6389816404,1445792,31244609,638997700,7115693,165,356
0,-0.177246,11,356.308594
0,-0.027344,5,356.352539
1,6389816105,1445792,31244307,638997471,7115561,166,356
0,-0.255371,8,356.440430
0,-0.542969,10,356.308594
1,6389816338,1445792,31244532,638997769,7115662,167,356
0,-0.119629,5,356.352539
0,-0.039062,11,356.330566
1,6389816037,1445792,31244239,638997556,7115534,168,356
0,-0.073730,8,356.352539
0,-0.206543,2,356.308594
1,6389816240,1445792,31244436,638997861,7115623,169,356
0,0.255371,8,356.374512
0,-0.297363,-1,356.374512
1,6389815924,1445792,31244117,638997660,7115485,170,356
0,-0.448242,10,356.352539
0,-0.061035,5,356.374512
1,6389816115,1445792,31244309,638997475,7115562,171,356
0,-0.208496,20,356.286621
0,0.015625,8,356.396484
1,6389816309,1445792,31244498,638997804,7115648,172,356
0,-0.108887,12,356.352539
0,-0.108887,11,356.374512
1,6389815982,1445792,31244173,638997624,7115508,173,356
0,0.069824,6,356.220703
0,-0.155762,-6,356.374512
1,6389816169,1445792,31244342,638997438,7115575,174,356
0,-0.173340,6,356.396484
0,-0.065918,3,356.330566
1,6389816351,1445792,31244504,638997792,7115650,175,356
0,-0.281738,19,356.352539
0,-0.096191,15,356.330566
1,6389815982,1445792,31244166,638997648,7115506,176,356
0,-0.045898,5,356.396484
0,0.077637,4,356.440430
1,6389816156,1445792,31244313,638997481,7115564,177,356
0,-0.194824,13,356.308594
0,-0.183105,8,356.286621
1,6389816299,1445792,31244454,638997850,7115630,178,356
0,-0.067871,-1,356.352539
0,-0.097168,6,356.330566
1,6389815953,1445792,31244105,638997687,7115480,179,356
0,-0.104980,1,356.220703
0,-0.229980,5,356.264648
1,6389816102,1445792,31244263,638997530,7115544,180,356
0,-0.267090,21,356.264648
0,-0.206543,-4,356.330566
1,6389816256,1445792,31244437,638997878,7115624,181,356
0,0.014648,4,356.418457
0,-0.290527,1,356.374512
1,6389815908,1445792,31244055,638997727,7115460,182,356
0,0.100098,12,356.308594
0,-0.023438,3,356.330566
1,6389816039,1445792,31244196,638997596,7115517,183,356
0,-0.063965,12,356.352539
0,-0.031250,6,356.330566
1,6389816189,1445792,31244335,638997454,7115573,184,356
0,-0.208496,7,356.330566
0,-0.097168,-7,356.352539
1,6389816337,1445792,31244461,638997835,7115633,185,356
0,-0.192871,16,356.396484
0,-0.065918,12,356.308594
1,6389815940,1445792,31244082,638997712,7115471,186,356
0,-0.094238,5,356.352539
0,-0.023438,5,356.418457
1,6389816087,1445792,31244220,638997585,7115527,187,356
0,-0.039062,-6,356.374512
0,-0.312988,2,356.308594
1,6389816224,1445792,31244352,638997441,7115579,188,356
0,-0.003906,1,356.462402
0,0.046875,9,356.374512
1,6389816358,1445792,31244502,638997805,7115650,189,356
0,-0.147949,10,356.330566
0,0.038086,6,356.330566
1,6389815977,1445792,31244125,638997666,7115489,190,356
0,-0.023438,8,356.264648
0,-0.065918,2,356.374512
1,6389816118,1445792,31244250,638997529,7115538,191,356
0,-0.063965,14,356.440430
0,-0.131348,6,356.418457
1,6389816240,1445792,31244376,638997924,7115599,192,356
0,-0.146973,4,356.374512
0,-0.104980,14,356.330566
1,6389816358,1445792,31244456,638997847,7115631,193,356
0,0.089355,9,356.308594
0,-0.080566,1,356.396484
1,6389815950,1445792,31244059,638997724,7115462,194,356
0,-0.069824,9,356.374512
0,-0.085449,10,356.286621
1,6389816036,1445792,31244165,638997639,7115504,195,356
0,-0.073730,0,356.286621
0,-0.245605,12,356.352539
1,6389816158,1445792,31244264,638997530,7115544,196,356
0,0.108887,15,356.330566
0,-0.085449,5,356.418457
1,6389816255,1445792,31244376,638997923,7115599,197,356
0,-0.093262,11,356.418457
0,0.104004,5,356.374512
1,6389816360,1445792,31244477,638997832,7115640,198,356
0,0.000000,11,356.352539
0,-0.256348,4,356.440430
1,6389815952,1445792,31244063,638997727,7115463,199,356
0,0.011719,10,356.352539
0,-0.299316,8,356.462402
1,6389816039,1445792,31244148,638997645,7115497,200,356
0,-0.302246,4,356.396484
0,0.023438,7,356.418457
1,6389816147,1445792,31244249,638997544,7115538,201,356
0,-0.128418,5,356.418457
0,-0.015625,1,356.352539
1,6389816228,1445792,31244336,638997452,7115573,202,356
0,-0.328613,1,356.308594
0,-0.226074,8,356.308594
1,6389816335,1445792,31244431,638997883,7115622,203,356
0,-0.237793,2,356.286621
0,-0.011719,11,356.374512
1,6389815900,1445792,31243991,638997804,7115435,204,356
0,0.011719,6,356.396484
0,-0.154785,1,356.308594
1,6389815975,1445792,31244063,638997721,7115463,205,356
0,0.011719,-4,356.286621
0,-0.285645,10,356.264648
1,6389816061,1445792,31244163,638997648,7115504,206,356
0,-0.115723,6,356.418457
0,-0.251465,13,356.352539
1,6389816149,1445792,31244231,638997580,7115531,207,356
0,-0.116699,3,356.286621
0,-0.108887,17,356.330566
1,6389816212,1445792,31244310,638997498,7115563,208,356
0,-0.097168,6,356.374512
0,-0.154785,7,356.374512
1,6389816286,1445792,31244375,638997930,7115599,209,356
0,0.027344,6,356.396484
0,0.043945,14,356.352539
1,6389816354,1445792,31244433,638997877,7115622,210,356
0,-0.084473,8,356.308594
0,-0.281738,15,356.374512
1,6389815899,1445792,31243967,638997843,7115425,211,356
0,-0.225098,1,356.396484
0,-0.019531,8,356.440430
1,6389815927,1445792,31244000,638997790,7115438,212,356
0,-0.093262,9,356.352539
0,-0.119629,8,356.396484
1,6389815980,1445792,31244056,638997736,7115460,213,356
0,-0.101074,4,356.374512
0,-0.212402,9,356.352539
1,6389816033,1445792,31244112,18446742974836921533,41,214,356
0,-0.062012,12,356.330566
0,0.019531,5,356.374512
1,6389816072,1445792,31244133,638997663,7115492,215,356
0,-0.109863,4,356.352539
0,-0.344238,2,356.396484
1,6389816107,1445792,31244168,638997644,7115506,216,356
0,0.251465,10,356.396484
0,-0.065918,16,356.396484
1,6389816125,1445792,31244185,638997625,7115513,217,356
0,-0.018555,7,356.264648
0,-0.046875,7,356.308594
1,6389816150,1445792,31244197,638997599,7115517,218,356
0,-0.035156,9,356.308594
0,-0.447266,12,356.374512
1,6389816168,1445792,31244231,638997571,7115531,219,356
0,-0.169434,8,356.352539
0,0.011719,7,356.374512
1,6389816190,1445792,31244251,638997545,7115539,220,356
0,-0.108887,15,356.308594
0,-0.221191,7,356.374512
1,6389816202,1445792,31244260,638997540,7115542,221,356
0,-0.127441,9,356.374512
0,0.085449,11,356.352539
1,6389816223,1445792,31244267,638997527,7115545,222,356
0,-0.019531,10,356.396484
0,-0.228027,19,356.374512
1,6389816244,1445792,31244310,638997506,7115563,223,356
0,-0.300293,20,356.418457
0,-0.077637,5,356.308594
1,6389816253,1445792,31244313,638997477,7115564,224,356
0,-0.101074,7,356.352539
0,-0.173340,5,356.352539
1,6389816284,1445792,31244325,638997472,7115569,225,356
0,-0.179199,8,356.330566
0,-0.072754,3,356.286621
1,6389816289,1445792,31244319,638997471,7115566,226,356
0,-0.311035,5,356.308594
0,-0.116699,5,356.264648
1,6389816287,1445792,31244312,638997475,7115563,227,356
0,0.011719,2,356.330566
0,-0.041992,6,356.330566
1,6389816292,1445792,31244314,638997476,7115564,228,356
0,-0.341309,-1,356.374512
0,-0.278809,-4,356.264648
1,6389816289,1445792,31244304,638997495,7115560,229,356
0,-0.073730,17,356.308594
0,-0.182129,3,356.308594
1,6389816251,1445792,31244275,638997529,7115549,230,356
0,-0.046875,9,356.396484
0,-0.065918,-5,356.330566
1,6389816232,1445792,31244251,638997538,7115539,231,356
0,-0.224121,10,356.418457
0,-0.147949,12,356.330566
1,6389816212,1445792,31244221,638997591,7115527,232,356
0,-0.019531,11,356.418457
0,-0.432617,3,356.352539
1,6389816172,1445792,31244185,638997615,7115513,233,356
0,-0.081543,12,356.352539
0,-0.245605,8,356.462402
1,6389816142,1445792,31244162,638997651,7115503,234,356
0,-0.105957,4,356.352539
0,-0.015625,7,356.286621
1,6389816115,1445792,31244126,638997670,7115489,235,356
0,-0.139160,6,356.462402
0,-0.251465,15,356.418457
1,6389816094,1445792,31244108,638997704,7115482,236,356
0,-0.108887,9,356.352539
0,-0.042969,4,356.264648
1,6389816050,1445792,31244071,638997727,7115467,237,356
0,-0.293457,9,356.352539
0,-0.147949,-5,356.374512
1,6389816024,1445792,31244048,638997763,7115458,238,356
0,-0.224121,12,356.352539
0,-0.293457,5,356.374512
1,6389815993,1445792,31244011,638997791,7115443,239,356
0,-0.026367,6,356.352539
0,-0.120605,11,356.352539
1,6389815963,1445792,31243973,638997852,7115428,240,356
0,0.015625,11,356.352539
0,0.000000,6,356.374512
1,6389815910,1445792,31243916,638997906,7115405,241,356
0,-0.120605,10,356.286621
0,-0.185059,5,356.330566
1,6389816368,1445792,31244340,638997452,7115574,242,356
0,0.065918,9,356.330566
0,0.034180,8,356.330566
1,6389816298,1445792,31244290,638997529,7115555,243,356
0,-0.069824,6,356.264648
0,0.023438,5,356.374512
1,6389816226,1445792,31244213,638997599,7115524,244,356
0,0.023438,6,356.286621
0,-0.035156,5,356.308594
1,6389816153,1445792,31244125,638997677,7115488,245,356
0,-0.111816,11,356.352539
0,-0.099121,16,356.330566
1,6389816065,1445792,31244048,638997764,7115458,246,356
0,0.002930,9,356.396484
0,0.073730,12,356.374512
1,6389815981,1445792,31243965,638997848,7115424,247,356
0,0.000000,9,356.440430
0,-0.170410,6,356.374512
1,6389815908,1445792,31243880,638997928,7115390,248,356
0,-0.267090,1,356.242676
0,-0.101074,16,356.396484
1,6389816332,1445792,31244289,638997518,7115554,249,356
0,-0.104980,8,356.396484
0,-0.077637,6,356.264648
1,6389816230,1445792,31244206,638997599,7115521,250,356
0,-0.085449,-2,356.440430
0,-0.251465,13,356.374512
1,6389816153,1445792,31244118,638997711,7115486,251,356
0,-0.135254,3,356.308594
0,0.042969,14,356.308594
1,6389816036,1445792,31243989,638997815,7115434,252,356
0,-0.088379,9,356.374512
0,0.089355,7,356.330566
1,6389815919,1445792,31243882,638997926,7115391,253,356
0,-0.015625,16,356.396484
0,-0.194824,1,356.352539
1,6389816324,1445792,31244261,638997532,7115542,254,356
0,-0.177246,-5,356.286621
0,0.019531,5,356.374512
1,6389816217,1445792,31244138,638997665,7115493,255,356
0,-0.077637,8,356.374512
0,-0.085449,5,356.330566
1,6389816082,1445792,31244022,638997790,7115447,256,356
0,-0.179199,-6,356.374512
0,-0.097168,4,356.374512
1,6389815952,1445792,31243874,638997931,7115387,257,356
0,-0.031250,14,356.374512
0,0.046875,15,356.330566
1,6389816302,1445792,31244252,638997559,7115540,258,356
0,-0.401367,9,356.440430
0,-0.285645,13,356.330566
1,6389816176,1445792,31244114,638997712,7115484,259,356
0,0.039062,5,356.374512
0,-0.034180,2,356.352539
1,6389816033,1445792,31243947,638997855,7115417,260,356
0,0.019531,0,356.374512
0,-0.216309,16,356.396484
1,6389816397,1445792,31244314,638997506,7115564,261,356
0,-0.173340,8,356.440430
0,0.002930,-4,356.330566
1,6389816228,1445792,31244178,638997646,7115510,262,356
0,-0.039062,9,356.396484
0,-0.143066,3,356.352539
1,6389816094,1445792,31244016,638997787,7115445,263,356
0,0.062012,8,356.396484
0,0.042969,7,356.374512
1,6389815952,1445792,31243886,638997927,7115393,264,356
0,-0.196777,13,356.418457
0,0.209473,14,356.352539
1,6389816321,1445792,31244243,638997574,7115536,265,356
0,0.084473,2,356.286621
0,-0.080566,5,356.286621
1,6389816160,1445792,31244063,638997727,7115463,266,356
0,-0.026367,13,356.308594
0,-0.046875,15,356.374512
1,6389815997,1445792,31243912,638997910,7115403,267,356
0,-0.039062,6,356.462402
0,0.031250,9,356.418457
1,6389816350,1445792,31244252,638997551,7115539,268,356
0,-0.209473,6,356.330566
0,-0.027344,9,356.374512
1,6389816171,1445792,31244082,638997733,7115471,269,356
0,-0.088379,11,356.330566
0,-0.011719,9,356.352539
1,6389815987,1445792,31243919,638997914,7115406,270,356
0,0.003906,11,356.550293
0,0.035156,11,356.286621
1,6389816329,1445792,31244222,638997594,7115527,271,356
0,-0.085449,-2,356.308594
0,0.081543,7,356.396484
1,6389816150,1445792,31244038,638997778,7115453,272,356
0,-0.209473,10,356.308594
0,-0.085449,10,356.374512
1,6389815949,1445792,31243855,638997974,7115380,273,356
0,-0.204590,16,356.308594
0,-0.293457,-1,356.374512
1,6389816260,1445792,31244167,638997652,7115506,274,356
0,0.081543,-8,356.264648
0,-0.131348,4,356.440430
1,6389816093,1445792,31243966,638997854,7115425,275,356
0,-0.256348,-7,356.264648
0,-0.027344,2,356.396484
1,6389816399,1445792,31244294,638997530,7115557,276,356
0,0.170410,19,356.440430
0,0.141113,3,356.330566
1,6389816191,1445792,31244081,638997726,7115470,277,356
0,-0.428711,18,356.352539
0,-0.080566,7,356.330566
1,6389815981,1445792,31243892,638997926,7115395,278,356
0,-0.231934,-2,356.330566
0,-0.104980,-2,356.308594
1,6389816308,1445792,31244189,638997625,7115514,279,356
0,0.073730,8,356.396484
0,-0.035156,9,356.286621
1,6389816096,1445792,31243985,638997842,7115432,280,356
0,0.000000,6,356.352539
0,-0.150879,8,356.264648
1,6389816404,1445792,31244275,638997535,7115548,281,356
0,-0.212402,20,356.330566
0,0.046875,6,356.330566
1,6389816190,1445792,31244072,638997732,7115467,282,356
0,-0.030273,11,356.418457
0,-0.394531,2,356.330566
1,6389815980,1445792,31243871,638997946,7115387,283,356
0,-0.023438,2,356.396484
0,-0.139160,7,356.352539
1,6389816288,1445792,31244146,638997667,7115497,284,356
0,0.035156,17,356.374512
0,-0.039062,-2,356.374512
1,6389816041,1445792,31243927,638997900,7115409,285,356
0,0.000000,8,356.374512
0,-0.116699,11,356.352539
1,6389816338,1445792,31244195,638997631,7115517,286,356
0,-0.369629,2,356.462402
0,0.035156,6,356.418457
1,6389816104,1445792,31243960,638997854,7115422,287,356
0,-0.104004,12,356.374512
0,-0.068848,-3,356.352539
1,6389816375,1445792,31244244,638997572,7115536,288,356
0,-0.039062,-5,356.374512
0,0.282715,10,356.396484
1,6389816156,1445792,31244001,638997822,7115439,289,356
0,-0.146973,8,356.330566
0,-0.124512,10,356.440430
1,6389815899,1445792,31243754,638997542,7115329,290,356
0,-0.178223,9,356.352539
0,-0.132324,0,356.330566
1,6389816168,1445792,31244015,638997796,7115444,291,356
0,-0.200684,10,356.352539
0,-0.124512,3,356.286621
1,6389815908,1445792,31243769,638997532,7115335,292,356
0,-0.341309,2,356.462402
0,-0.091309,5,356.396484
1,6389816169,1445792,31244048,638997791,7115458,293,356
0,-0.321777,0,356.374512
0,-0.084473,7,356.440430
1,6389815913,1445792,31243786,638997530,7115343,294,356
0,-0.015625,17,356.374512
0,0.019531,0,356.330566
1,6389816187,1445792,31244056,638997762,7115460,295,356
0,-0.126465,1,356.352539
0,-0.177246,10,356.352539
1,6389815952,1445792,31243811,638997484,7115352,296,356
0,-0.031250,5,356.396484
0,-0.081543,4,356.330566
1,6389816227,1445792,31244093,638997724,7115476,297,356
0,0.072754,8,356.352539
0,-0.233887,1,356.352539
1,6389815973,1445792,31243830,638997468,7115360,298,356
0,0.112793,6,356.286621
0,-0.290527,-2,356.374512
1,6389816218,1445792,31244055,638997742,7115460,299,356
0,-0.175293,4,356.308594
0,0.031250,1,356.374512
1,6389815968,1445792,31243837,638997474,7115363,300,356
0,0.027344,8,356.352539
0,-0.023438,8,356.308594
1,6389816230,1445792,31244094,638997729,7115476,301,356
0,0.089355,12,356.330566
0,-0.069824,2,356.374512
1,6389815974,1445792,31243828,638997468,7115359,302,356
0,0.089355,9,356.308594
0,0.104004,6,356.374512
1,6389816228,1445792,31244080,638997731,7115470,303,356
0,-0.076660,8,356.396484
0,-0.011719,5,356.330566
1,6389815970,1445792,31243831,638997475,7115360,304,356
0,0.046875,5,356.352539
0,0.039062,5,356.286621
1,6389816230,1445792,31244067,638997736,7115465,305,356
0,-0.022461,7,356.330566
0,0.046875,5,356.352539
1,6389815966,1445792,31243816,638997489,7115355,306,356
0,-0.155762,6,356.418457
0,-0.208496,5,356.396484
1,6389816218,1445792,31244062,638997754,7115463,307,356
0,-0.101074,10,356.308594
0,-0.097168,14,356.330566
1,6389815955,1445792,31243799,638997517,7115347,308,356
0,0.228027,11,356.374512
0,-0.155762,8,356.308594
1,6389816207,1445792,31244058,638997767,7115462,309,356
0,-0.019531,14,356.308594
0,0.104004,14,356.286621
1,6389815940,1445792,31243797,638997529,7115347,310,356
0,-0.077637,7,356.374512
0,-0.062012,8,356.330566
1,6389816185,1445792,31244017,638997797,7115445,311,356
0,0.085449,11,356.374512
0,-0.046875,-1,356.374512
1,6389815912,1445792,31243762,638997535,7115332,312,356
0,0.038086,4,356.374512
0,-0.169434,16,356.396484
1,6389816166,1445792,31244018,638997821,7115446,313,356
0,0.108887,2,356.330566
0,-0.209473,0,356.308594
1,6389815904,1445792,31243729,638997579,7115319,314,356
0,-0.301270,12,356.374512
0,0.078613,4,356.308594
1,6389816117,1445792,31243972,638997857,7115427,315,356
0,-0.182129,8,356.396484
0,0.000000,4,356.374512
1,6389816362,1445792,31244194,638997608,7115516,316,356
0,-0.003906,6,356.374512
0,-0.405273,7,356.330566
1,6389816099,1445792,31243927,638997906,7115409,317,356
0,-0.239746,16,356.286621
0,0.069824,13,356.374512
1,6389816299,1445792,31244137,638997685,7115493,318,356
0,-0.129395,5,356.352539
0,0.186035,8,356.330566
1,6389816024,1445792,31243835,638997474,7115362,319,356
0,0.111816,7,356.484375
0,-0.073730,15,356.396484
1,6389816225,1445792,31244055,638997784,7115460,320,356
0,0.007812,6,356.396484
0,0.046875,5,356.330566
1,6389815899,1445792,31243731,638997597,7115321,321,356
0,-0.089355,15,356.352539
0,-0.136230,0,356.264648
1,6389816075,1445792,31243885,638997933,7115392,322,356
0,-0.086426,6,356.374512
0,-0.135254,2,356.418457
1,6389816236,1445792,31244055,638997776,7115460,323,356
0,0.125488,16,356.352539
0,-0.064941,11,356.418457
1,6389816398,1445792,31244206,638997615,7115521,324,356
0,-0.085449,6,356.374512
0,-0.011719,10,356.352539
1,6389816041,1445792,31243854,638997978,7115380,325,356
0,0.092285,10,356.374512
0,-0.181152,4,356.308594
1,6389816212,1445792,31244016,638997806,7115445,326,356
0,-0.081543,12,356.330566
0,-0.062012,7,356.330566
1,6389816364,1445792,31244166,638997656,7115505,327,356
0,0.081543,9,356.374512
0,-0.183105,6,356.374512
1,6389816015,1445792,31243809,638997487,7115351,328,356
0,-0.011719,5,356.308594
0,0.011719,5,356.352539
1,6389816165,1445792,31243959,638997854,7115422,329,356
0,0.042969,11,356.396484
0,-0.023438,12,356.330566
1,6389816338,1445792,31244135,638997705,7115493,330,356
0,-0.123535,3,356.418457
0,0.035156,2,356.484375
1,6389816013,1445792,31243807,638997495,7115350,331,356
0,-0.136230,0,356.352539
0,-0.093262,14,356.374512
1,6389816187,1445792,31243994,638997846,7115436,332,356
0,-0.212402,8,356.374512
0,-0.084473,3,356.374512
1,6389816369,1445792,31244180,638997655,7115511,333,356
0,-0.109863,-2,356.352539
0,-0.200684,7,356.462402
1,6389816229,1445792,31244055,638997793,7115461,334,356
0,0.072754,-4,356.330566
0,-0.107910,11,356.308594
1,6389816395,1445792,31244187,638997644,7115513,335,356
0,0.150879,4,356.352539
0,-0.185059,11,356.396484
1,6389816036,1445792,31243827,638997481,7115359,336,356
0,-0.073730,15,356.396484
0,0.003906,7,356.396484
1,6389816175,1445792,31243975,638997853,7115428,337,356
0,0.074707,14,356.396484
0,-0.015625,9,356.396484
1,6389816331,1445792,31244131,638997708,7115491,338,356
0,-0.007812,5,356.396484
0,0.023438,1,356.308594
1,6389815973,1445792,31243755,638997543,7115329,339,356
0,-0.229980,7,356.418457
0,-0.077637,7,356.374512
1,18446742980587739956,1445792,31243928,638997918,26,340,356
0,0.078613,12,356.286621
0,-0.147949,11,356.330566
1,6389816269,1445792,31244061,638997761,7115463,341,356
0,-0.196777,8,356.308594
0,-0.003906,15,356.308594
1,6389815906,1445792,31243687,638997630,7115302,342,356
0,0.125488,1,356.220703
0,-0.046875,-2,356.462402
1,6389816041,1445792,31243822,638997476,7115356,343,356
0,-0.124512,7,356.352539
0,-0.023438,8,356.418457
1,6389816204,1445792,31243998,638997836,7115438,344,356
0,-0.185059,12,356.352539
0,-0.101074,5,356.396484
1,6389816375,1445792,31244161,638997669,7115503,345,356
0,-0.032227,9,356.352539
0,-0.151855,8,356.374512
1,6389816021,1445792,31243806,638997512,7115350,346,356
0,-0.140137,12,356.352539
0,-0.085449,5,356.418457
1,6389816178,1445792,31243961,638997857,7115422,347,356
0,-0.035156,3,356.396484
0,-0.309082,11,356.264648
1,6389816350,1445792,31244126,638997705,7115489,348,356
0,-0.139160,16,356.418457
0,-0.062012,6,356.484375
1,6389815975,1445792,31243773,638997541,7115337,349,356
0,-0.239746,10,356.396484
0,-0.257324,1,356.264648
1,6389816115,1445792,31243897,638997928,7115397,350,356
0,-0.183105,17,356.308594
0,-0.042969,5,356.308594
1,6389816258,1445792,31244051,638997787,7115459,351,356
0,-0.312012,5,356.286621
0,-0.143066,13,356.374512
1,6389815907,1445792,31243678,638997649,7115299,352,356
0,-0.124512,11,356.374512
0,0.108887,1,356.374512
1,6389816048,1445792,31243815,638997485,7115354,353,356
0,-0.027344,1,356.374512
0,-0.187012,0,356.418457
1,6389816208,1445792,31243981,638997851,7115431,354,356
0,0.035156,9,356.308594
0,0.022461,6,356.330566
1,6389816359,1445792,31244127,638997678,7115489,355,356
0,-0.031250,11,356.330566
0,-0.115723,8,356.352539
1,6389816016,1445792,31243799,638997533,7115348,356,356
0,-0.046875,6,356.286621
0,-0.216309,-6,356.308594
1,6389816167,1445792,31243933,638997879,7115411,357,356
0,-0.117676,15,356.308594
0,-0.077637,4,356.374512
1,6389816319,1445792,31244091,638997730,7115475,358,356
0,-0.229004,7,356.396484
0,-0.188965,14,356.352539
1,6389815962,1445792,31243738,638997584,7115323,359,356
0,-0.188965,14,356.308594
0,0.085449,3,356.352539
1,6389816114,1445792,31243893,638997927,7115395,360,356
0,-0.185059,-2,356.220703
0,-0.120605,0,356.418457
1,6389816267,1445792,31244036,638997788,7115453,361,356
0,-0.188965,11,356.374512
0,-0.089355,9,356.418457
1,6389816404,1445792,31244176,638997662,7115509,362,356
0,-0.210449,9,356.330566
0,-0.077637,14,356.308594
1,6389816034,1445792,31243779,638997533,7115339,363,356
0,-0.407227,5,356.396484
0,0.124512,12,356.374512
1,6389816167,1445792,31243929,638997911,7115410,364,356
0,-0.011719,4,356.374512
0,-0.007812,7,356.308594
1,6389816268,1445792,31244016,638997798,7115444,365,356
0,0.042969,4,356.418457
0,0.065918,5,356.286621
1,6389816345,1445792,31244092,638997732,7115475,366,356
0,-0.171387,6,356.396484
0,-0.204590,10,356.374512
1,6389815910,1445792,31243675,638997658,7115298,367,356
0,0.019531,5,356.418457
0,-0.200684,11,356.352539
1,6389815991,1445792,31243740,638997565,7115323,368,356
0,-0.309082,4,356.396484
0,-0.076660,9,356.374512
1,6389816096,1445792,31243854,638997985,7115380,369,356
0,-0.119629,-6,356.308594
0,-0.235840,-4,356.352539
1,6389816205,1445792,31243945,638997878,7115416,370,356
0,-0.104980,3,356.264648
0,0.100098,5,356.396484
1,6389816292,1445792,31244054,638997792,7115460,371,356
0,0.014648,11,356.308594
0,-0.151855,7,356.396484
1,6389816374,1445792,31244132,638997706,7115492,372,356
0,0.023438,15,356.352539
0,-0.154785,10,356.264648
1,6389815946,1445792,31243708,638997608,7115311,373,356
0,0.062012,5,356.330566
0,-0.127441,10,356.396484
1,6389816097,1445792,31243859,638997979,7115382,374,356
0,-0.007812,4,356.396484
0,0.116699,4,356.396484
1,6389816226,1445792,31243972,638997853,7115427,375,356
0,-0.093262,2,356.352539
0,0.000000,7,356.330566
1,6389816351,1445792,31244082,638997737,7115471,376,356
0,0.093262,10,356.352539
0,-0.081543,-7,356.352539
1,6389815941,1445792,31243679,638997621,7115299,377,356
0,0.007812,5,356.352539
0,-0.244629,9,356.308594
1,6389816046,1445792,31243799,638997521,7115347,378,356
0,-0.073730,10,356.374512
0,-0.097168,5,356.396484
1,6389816165,1445792,31243924,638997912,7115408,379,356
0,-0.065918,4,356.396484
0,0.218262,12,356.330566
1,6389816289,1445792,31244044,638997790,7115456,380,356
0,-0.116699,4,356.352539
0,0.003906,2,356.374512
1,6389815906,1445792,31243658,638997663,7115291,381,356
0,-0.019531,0,356.462402
0,-0.140137,5,356.330566
1,6389816026,1445792,31243778,638997536,7115339,382,356
0,-0.007812,1,356.330566
0,-0.081543,1,356.440430
1,6389816155,1445792,31243908,638997917,7115401,383,356
0,-0.003906,8,356.374512
0,0.046875,6,356.396484
1,6389816283,1445792,31244032,638997793,7115451,384,356
0,-0.243652,11,356.418457
0,-0.081543,10,356.374512
1,6389816405,1445792,31244143,638997684,7115496,385,356
0,0.174316,20,356.352539
0,-0.245605,6,356.352539
1,6389815992,1445792,31243748,638997571,7115327,386,356
0,-0.281738,8,356.330566
0,0.084473,12,356.308594
1,6389816109,1445792,31243866,638997977,7115385,387,356
0,-0.003906,4,356.352539
0,-0.116699,6,356.396484
1,6389816227,1445792,31243975,638997857,7115428,388,356
0,0.097168,9,356.264648
0,0.093262,7,356.308594
1,6389816344,1445792,31244090,638997737,7115475,389,356
0,-0.146973,16,356.418457
0,-0.116699,0,356.330566
1,6389815935,1445792,31243688,638997638,7115303,390,356
0,-0.101074,17,356.440430
0,-0.201660,6,356.264648
1,6389816043,1445792,31243791,638997527,7115345,391,356
0,0.047852,9,356.352539
0,0.039062,1,356.242676
1,6389816157,1445792,31243896,638997923,7115396,392,356
0,-0.231934,17,356.308594
0,-0.186035,8,356.440430
1,6389816249,1445792,31243981,638997853,7115431,393,356
0,0.015625,7,356.352539
0,-0.267090,3,356.374512
1,6389816348,1445792,31244084,638997760,7115472,394,356
0,-0.019531,11,356.330566
0,-0.027344,8,356.418457
1,6389815918,1445792,31243671,638997660,7115297,395,356
0,-0.132324,3,356.330566
0,-0.279785,11,356.396484
1,6389816026,1445792,31243747,638997579,7115327,396,356
0,-0.018555,10,356.330566
0,0.007812,10,356.330566
1,6389816106,1445792,31243815,638997484,7115353,397,356
0,-0.309082,-1,356.352539
0,0.104980,7,356.374512
1,6389816191,1445792,31243923,638997913,7115407,398,356
0,-0.116699,8,356.374512
0,-0.038086,10,356.396484
1,6389816280,1445792,31244005,638997825,7115440,399,356
0,-0.104004,7,356.308594
0,0.031250,6,356.308594
1,6389816367,1445792,31244115,638997723,7115484,400,356
0,-0.015625,6,356.330566
0,-0.093262,19,356.264648
1,6389815964,1445792,31243695,638997635,7115306,401,356
0,-0.139160,13,356.352539
0,-0.192871,4,356.352539
1,6389816042,1445792,31243773,638997537,7115337,402,356
0,0.196777,14,356.286621
0,-0.031250,9,356.330566
1,6389816125,1445792,31243862,638997981,7115383,403,356
0,-0.003906,7,356.484375
0,-0.200684,-1,356.374512
1,6389816214,1445792,31243937,638997891,7115413,404,356
0,-0.007812,7,356.330566
0,-0.097168,5,356.242676
1,6389816298,1445792,31244018,638997797,7115445,405,356
0,-0.066895,7,356.374512
0,-0.093262,12,356.418457
1,6389816394,1445792,31244119,638997710,7115486,406,356
0,-0.093262,-2,356.330566
0,-0.027344,4,356.374512
1,6389815982,1445792,31243716,638997597,7115314,407,356
0,-0.030273,16,356.374512
0,-0.169434,10,356.330566
1,6389816070,1445792,31243803,638997526,7115349,408,356
0,0.233887,1,356.462402
0,-0.132324,14,356.374512
1,6389816162,1445792,31243880,638997942,7115390,409,356
0,-0.087402,6,356.330566
0,0.212402,4,356.308594
1,6389816251,1445792,31243972,638997859,7115427,410,356
0,-0.148926,7,356.374512
0,0.071777,2,356.330566
1,6389816336,1445792,31244051,638997788,7115459,411,356
0,-0.135254,8,356.352539
0,0.011719,5,356.330566
1,6389816389,1445792,31244115,638997727,7115484,412,356
0,-0.085449,12,356.374512
0,-0.039062,7,356.330566
1,6389815949,1445792,31243670,638997652,7115296,413,356
0,-0.151855,11,356.352539
0,-0.081543,9,356.352539
1,6389816016,1445792,31243740,638997586,7115324,414,356
0,-0.115723,-1,356.396484
0,-0.003906,4,356.374512
1,6389816101,1445792,31243833,638997482,7115361,415,356
0,-0.101074,10,356.242676
0,-0.093262,3,356.418457
1,6389816181,1445792,31243914,638997920,7115404,416,356
0,0.094238,19,356.308594
0,0.007812,4,356.352539
1,6389816255,1445792,31243985,638997850,7115432,417,356
0,-0.046875,9,356.352539
0,-0.039062,12,356.308594
1,6389816349,1445792,31244062,638997768,7115463,418,356
0,-0.116699,5,356.352539
0,-0.023438,6,356.330566
1,6389815902,1445792,31243615,638997700,7115274,419,356
0,-0.035156,3,356.286621
0,0.007812,3,356.418457
1,6389815975,1445792,31243688,638997612,7115302,420,356
0,-0.108887,16,356.374512
0,-0.285645,7,356.396484
1,6389816058,1445792,31243789,638997535,7115343,421,356
0,-0.224121,11,356.440430
0,-0.131348,13,356.374512
1,6389816151,1445792,31243868,638997973,7115386,422,356
0,0.042969,4,356.308594
0,-0.216309,4,356.352539
1,6389816224,1445792,31243938,638997888,7115413,423,356
0,-0.077637,8,356.308594
0,-0.190918,0,356.330566
1,6389816301,1445792,31244015,638997805,7115444,424,356
0,0.073730,14,356.308594
0,0.104980,0,356.330566
1,6389816373,1445792,31244116,638997726,7115485,425,356
0,-0.187012,4,356.374512
0,-0.216309,6,356.374512
1,6389815951,1445792,31243656,638997665,7115290,426,356
0,0.003906,9,356.352539
0,-0.027344,6,356.374512
1,6389816016,1445792,31243729,638997594,7115319,427,356
0,0.127441,5,356.396484
0,-0.119629,3,356.440430
1,6389816087,1445792,31243801,638997524,7115349,428,356
0,-0.104004,5,356.352539
0,-0.150879,15,356.374512
1,6389816160,1445792,31243866,638997974,7115384,429,356
0,-0.267090,5,356.418457
0,-0.115723,15,356.308594
1,6389816224,1445792,31243935,638997908,7115412,430,356
0,-0.062012,4,356.352539
0,-0.007812,9,356.440430
1,6389816288,1445792,31243996,638997839,7115436,431,356
0,-0.035156,6,356.374512
0,-0.204590,4,356.352539
1,6389816355,1445792,31244062,638997784,7115463,432,356
0,-0.112793,3,356.352539
0,-0.356934,3,356.418457
1,6389815904,1445792,31243607,638997722,7115271,433,356
0,-0.305176,12,356.330566
0,-0.173340,5,356.374512
1,6389815950,1445792,31243660,638997666,7115292,434,356
0,-0.116699,14,356.352539
0,-0.196777,8,356.374512
1,6389816002,1445792,31243712,638997607,7115312,435,356
0,-0.212402,-9,356.396484
0,0.104980,7,356.330566
1,6389816080,1445792,31243777,638997549,7115339,436,356
0,-0.324707,3,356.352539
0,0.000000,8,356.440430
1,6389816129,1445792,31243841,638997476,7115364,437,356
0,-0.253418,-12,356.374512
0,-0.019531,8,356.396484
1,6389816209,1445792,31243916,638997927,7115405,438,356
0,-0.089355,6,356.352539
0,-0.064941,11,356.286621
1,6389816179,1445792,31243888,638997940,7115393,439,356
0,-0.035156,10,356.286621
0,0.015625,11,356.418457
1,6389816231,1445792,31243937,638997897,7115413,440,356
0,-0.085449,4,356.396484
0,-0.104004,4,356.330566
1,6389816295,1445792,31243992,638997847,7115435,441,356
0,0.069824,4,356.374512
0,-0.073730,10,356.418457
1,6389816348,1445792,31244043,638997788,7115455,442,356
0,-0.069824,8,356.330566
0,-0.192871,4,356.308594
1,6389815897,1445792,31243609,638997724,7115271,443,356
0,-0.135254,-4,356.374512
0,-0.116699,-1,356.330566
1,6389815958,1445792,31243656,638997668,7115290,444,356
0,-0.107910,10,356.396484
0,-0.249512,10,356.440430
1,6389815978,1445792,31243680,638997650,7115300,445,356
0,-0.085449,7,356.330566
0,-0.007812,3,356.286621
1,6389816032,1445792,31243720,638997600,7115316,446,356
0,-0.007812,6,356.330566
0,-0.210449,5,356.352539
1,6389816082,1445792,31243770,638997547,7115336,447,356
0,-0.019531,4,356.286621
0,-0.174316,11,356.418457
1,6389816129,1445792,31243815,638997504,7115354,448,356
0,-0.108887,5,356.330566
0,-0.192871,-1,356.352539
1,6389816166,1445792,31243853,638997980,7115379,449,356
0,-0.039062,26,356.374512
0,-0.278809,4,356.396484
1,6389816183,1445792,31243880,638997960,7115390,450,356
0,-0.085449,2,356.352539
0,-0.108887,10,356.418457
1,6389816216,1445792,31243895,638997939,7115396,451,356
0,-0.212402,5,356.418457
0,-0.188965,7,356.308594
1,6389816227,1445792,31243919,638997923,7115406,452,356
0,-0.460938,2,356.352539
0,-0.104980,11,356.396484
1,6389816256,1445792,31243937,638997908,7115413,453,356
0,-0.046875,6,356.308594
0,-0.124512,2,356.330566
1,6389816283,1445792,31243958,638997874,7115421,454,356
0,0.154785,6,356.462402
0,-0.019531,2,356.418457
1,6389816293,1445792,31243963,638997872,7115424,455,356
0,0.124512,0,356.396484
0,-0.101074,8,356.440430
1,6389816282,1445792,31243949,638997885,7115418,456,356
0,-0.035156,3,356.484375
0,0.019531,6,356.330566
1,6389816294,1445792,31243995,638997855,7115436,457,356
0,0.120605,-1,356.374512
0,-0.204590,9,356.352539
1,6389816343,1445792,31244023,638997819,7115448,458,356
0,0.019531,6,356.352539
0,0.120605,6,356.374512
1,6389816368,1445792,31244050,638997787,7115458,459,356
0,0.014648,6,356.286621
0,-0.345215,7,356.352539
1,6389815900,1445792,31243580,638997748,7115260,460,356
0,-0.198730,8,356.352539
0,0.023438,6,356.396484
1,6389815911,1445792,31243606,638997731,7115270,461,356
0,-0.096191,15,356.330566
0,-0.313965,6,356.308594
1,6389815930,1445792,31243614,638997712,7115273,462,356
0,-0.077637,7,356.330566
0,0.077637,11,356.440430
1,6389815960,1445792,31243644,638997684,7115285,463,356
0,-0.188965,7,356.374512
0,-0.220215,6,356.440430
1,6389815971,1445792,31243663,638997666,7115293,464,356
0,-0.084473,-1,356.396484
0,-0.267090,3,356.352539
1,6389815999,1445792,31243676,638997653,7115298,465,356
0,-0.285645,13,356.418457
0,-0.015625,12,356.308594
1,18446742980587739857,1445792,31243690,638997628,26,466,356
0,-0.409180,-1,356.374512
0,-0.154785,9,356.418457
1,6389816040,1445792,31243701,638997614,7115308,467,356
0,-0.131348,6,356.396484
0,-0.003906,7,356.396484
1,6389816045,1445792,31243729,638997601,7115319,468,356
0,0.119629,15,356.308594
0,0.136230,3,356.330566
1,6389816063,1445792,31243736,638997595,7115322,469,356
0,-0.081543,8,356.286621
