0,0.144043,17,3.801270
0,0.289551,19,3.845215
1,6389815952,1445792,31261614,638996298,7122857,0,3
0,0.100098,11,3.933105
0,-0.022461,6,3.911133
1,6389815941,1445792,31261595,638996325,7122849,1,3
0,-0.081543,1,3.999023
0,0.023438,16,3.911133
1,6389815911,1445792,31261568,638996368,7122839,2,3
0,0.186035,35,3.779297
0,0.127441,8,3.911133
1,6389816370,1445792,31262028,638996406,7123033,3,3
0,0.332520,19,4.108887
0,0.120605,6,3.823242
1,6389816309,1445792,31261966,638996464,7123009,4,3
0,0.144043,6,3.933105
0,-0.144043,14,3.999023
1,6389816255,1445792,31261866,638996573,7122969,5,3
0,0.128418,0,3.911133
0,0.127441,15,3.801270
1,6389816166,1445792,31261770,638996165,7122920,6,3
0,-0.112793,16,3.955078
0,0.368652,10,3.889160
1,6389816039,1445792,31261651,638996284,7122872,7,3
0,0.042969,14,3.889160
0,0.064941,3,3.823242
1,6389815914,1445792,31261529,638996400,7122823,8,3
0,0.332520,9,3.889160
0,0.235840,-4,3.933105
1,6389816312,1445792,31261881,638996560,7122975,9,3
0,0.019531,8,3.911133
0,-0.209473,12,3.911133
1,6389816146,1445792,31261677,638996256,7122883,10,3
0,0.201660,10,3.845215
0,0.139160,15,3.911133
1,6389815938,1445792,31261452,638996492,7122793,11,3
0,0.039062,17,3.911133
0,-0.039062,15,3.889160
1,6389816199,1445792,31261728,638996232,7122904,12,3
0,0.209473,18,3.955078
0,0.074707,10,3.911133
1,6389815940,1445792,31261417,638996516,7122778,13,3
0,0.039062,6,3.911133
0,0.251465,13,3.955078
1,6389816170,1445792,31261608,638996320,7122855,14,3
0,-0.212402,6,3.955078
0,0.108887,26,3.933105
1,6389816363,1445792,31261798,638996676,7122942,15,3
0,0.085449,7,3.823242
0,0.231934,-5,3.845215
1,6389816019,1445792,31261439,638996501,7122787,16,3
0,-0.015625,14,3.933105
0,0.062012,16,3.867188
1,6389816135,1445792,31261539,638996412,7122827,17,3
0,0.293457,-3,3.933105
0,0.101074,15,3.933105
1,6389816248,1445792,31261629,638996332,7122863,18,3
0,0.197754,19,3.845215
0,-0.085449,18,3.823242
1,6389816323,1445792,31261670,638996283,7122880,19,3
0,0.073730,5,3.933105
0,-0.144043,38,4.042969
1,6389816379,1445792,31261728,638996256,7122904,20,4
0,-0.086426,37,3.845215
0,0.144043,6,3.955078
1,6389816362,1445792,31261712,638996243,7122897,21,3
0,0.000000,22,3.889160
0,-0.089355,13,3.911133
1,6389816388,1445792,31261693,638996272,7122889,22,3
0,0.088379,10,3.889160
0,-0.206543,8,3.889160
1,6389816368,1445792,31261655,638996312,7122874,23,3
0,-0.019531,27,3.845215
0,0.022461,16,3.911133
1,6389816310,1445792,31261600,638996378,7122852,24,3
0,-0.046875,20,3.867188
0,0.228027,13,3.933105
1,6389816229,1445792,31261493,638996468,7122809,25,3
0,-0.046875,20,3.889160
0,-0.015625,4,3.933105
1,6389816133,1445792,31261345,638996604,7122749,26,3
0,0.253418,6,3.911133
0,-0.039062,12,3.911133
1,6389815992,1445792,31261201,638996264,7122682,27,3
0,0.178223,9,3.955078
0,0.375488,-5,3.867188
1,6389816344,1445792,31261528,638996434,7122822,28,3
0,0.035156,1,3.911133
0,0.224121,2,3.845215
1,6389816160,1445792,31261298,638996655,7122730,29,3
0,0.143066,11,3.955078
0,0.267090,34,3.867188
1,6389815921,1445792,31261057,638996430,7122624,30,3
0,-0.193848,41,4.064941
0,0.070801,9,3.933105
1,6389816169,1445792,31261291,638996683,7122728,31,3
0,-0.100098,11,3.933105
0,0.107910,24,3.845215
1,6389815909,1445792,31261015,638996477,7122607,32,3
0,-0.224121,10,3.911133
0,-0.255371,19,4.020996
1,6389816105,1445792,31261168,638996317,7122668,33,4
0,0.204590,5,3.955078
0,-0.231934,2,3.911133
1,6389816291,1445792,31261339,638996639,7122747,34,3
0,0.039062,4,3.889160
0,0.019531,8,3.911133
1,6389815927,1445792,31260960,638996506,7122585,35,3
0,0.205566,11,3.867188
0,-0.015625,4,4.042969
1,6389816052,1445792,31261087,638996381,7122636,36,4
0,0.496094,13,3.933105
0,0.177246,3,3.955078
1,6389816179,1445792,31261165,638996301,7122667,37,3
0,0.332520,9,3.999023
0,0.297363,4,3.933105
1,6389816246,1445792,31261222,638996245,7122689,38,3
0,0.243652,6,3.867188
0,0.123535,16,3.933105
1,6389816300,1445792,31261266,638996729,7122718,39,3
0,0.112793,0,3.933105
0,-0.128418,33,3.867188
1,6389816353,1445792,31261284,638996707,7122725,40,3
0,0.336426,8,3.889160
0,0.077637,41,3.911133
1,6389816348,1445792,31261278,638996750,7122723,41,3
0,-0.031250,41,3.845215
0,0.285645,14,3.933105
1,6389816305,1445792,31261261,638996744,7122716,42,3
0,-0.116699,3,3.955078
0,-0.251465,3,3.889160
1,6389816293,1445792,31261197,638996286,7122680,43,3
0,-0.309082,16,3.977051
0,-0.030273,17,3.933105
1,6389816231,1445792,31261143,638996347,7122658,44,3
0,0.328613,11,3.999023
0,-0.341309,21,3.845215
1,6389816175,1445792,31261075,638996441,7122631,45,3
0,0.213379,14,3.999023
0,0.186035,1,3.889160
1,6389816095,1445792,31260961,638996522,7122585,46,3
0,0.513672,-6,3.867188
0,0.201660,-2,3.845215
1,6389815982,1445792,31260823,638996670,7122530,47,3
0,0.200684,5,3.955078
0,0.189941,19,3.955078
1,6389816351,1445792,31261166,638996332,7122668,48,3
0,-0.235840,17,3.845215
0,0.042969,9,3.911133
1,6389816178,1445792,31261021,638996478,7122609,49,3
0,-0.027344,10,3.889160
0,0.424805,12,3.823242
1,6389816011,1445792,31260822,638996674,7122530,50,3
0,-0.015625,11,3.867188
0,0.119629,16,3.933105
1,6389816346,1445792,31261134,638996374,7122655,51,3
0,0.297363,25,3.867188
0,-0.011719,7,3.845215
1,6389816125,1445792,31260895,638996589,7122558,52,3
0,-0.027344,32,3.933105
0,0.251465,12,3.911133
1,6389815902,1445792,31260655,638996326,7122452,53,3
0,0.541016,-9,3.933105
0,0.143066,35,3.955078
1,6389816174,1445792,31260900,638996623,7122561,54,3
0,-0.042969,10,3.867188
0,0.108887,12,3.955078
1,6389816403,1445792,31261144,638996362,7122658,55,3
0,0.015625,8,3.867188
0,-0.019531,21,3.955078
1,6389816123,1445792,31260837,638996665,7122535,56,3
0,-0.092285,1,3.823242
0,-0.077637,2,3.845215
1,6389816348,1445792,31261053,638996449,7122622,57,3
0,0.099121,14,3.889160
0,-0.073730,3,3.889160
1,6389816020,1445792,31260735,638996258,7122485,58,3
0,0.000000,13,3.911133
0,0.151855,15,3.889160
1,6389816214,1445792,31260928,638996593,7122572,59,3
0,0.251465,13,3.845215
0,0.243652,20,3.867188
1,6389816393,1445792,31261078,638996438,7122632,60,3
0,-0.212402,7,3.955078
0,-0.072754,8,3.911133
1,6389816036,1445792,31260731,638996276,7122483,61,3
0,0.220215,22,3.999023
0,-0.067871,42,3.933105
1,6389816172,1445792,31260854,638996657,7122542,62,3
0,0.007812,15,3.999023
0,0.256348,5,3.889160
1,6389816320,1445792,31260967,638996535,7122588,63,3
0,0.183105,4,3.801270
0,-0.062012,10,3.889160
1,6389815917,1445792,31260557,638996449,7122413,64,3
0,0.080566,12,3.823242
0,0.252441,8,3.955078
1,6389816010,1445792,31260636,638996371,7122445,65,3
0,0.136230,30,3.889160
0,0.007812,14,3.933105
1,6389816063,1445792,31260700,638996307,7122470,66,3
0,-0.152832,24,3.933105
0,0.197754,9,3.845215
1,6389816141,1445792,31260764,638996759,7122506,67,3
0,0.198730,9,3.955078
0,0.146973,19,3.779297
1,6389816207,1445792,31260814,638996714,7122527,68,3
0,0.332520,3,3.845215
0,0.320801,16,3.867188
1,6389816256,1445792,31260850,638996675,7122541,69,3
0,-0.065918,28,3.801270
0,0.121582,10,3.933105
1,6389816282,1445792,31260840,638996681,7122537,70,3
0,0.118652,9,3.977051
0,0.301270,6,3.911133
1,6389816274,1445792,31260834,638996678,7122534,71,3
0,0.035156,7,3.955078
0,0.417969,-6,3.889160
1,6389816270,1445792,31260823,638996691,7122530,72,3
0,0.289551,13,3.867188
0,0.062012,5,3.823242
1,6389816251,1445792,31260798,638996719,7122520,73,3
0,0.148926,0,3.999023
0,0.080566,6,3.889160
1,6389816228,1445792,31260761,638996767,7122505,74,3
0,0.007812,2,3.999023
0,0.263184,1,3.801270
1,6389816164,1445792,31260685,638996320,7122464,75,3
0,0.011719,6,3.867188
0,0.096191,2,3.999023
1,6389816096,1445792,31260602,638996398,7122431,76,3
0,-0.038086,20,3.933105
0,0.364746,15,3.845215
1,6389816003,1445792,31260527,638996494,7122401,77,3
0,0.222168,5,3.867188
0,0.000000,-1,3.889160
1,6389815930,1445792,31260411,638996585,7122354,78,3
0,0.204590,22,3.867188
0,0.170410,12,3.867188
1,6389816322,1445792,31260812,638996717,7122526,79,3
0,0.190918,5,3.889160
0,0.189941,20,3.845215
1,6389816207,1445792,31260692,638996343,7122468,80,3
0,0.124512,12,3.933105
0,0.139160,4,3.801270
1,6389816079,1445792,31260553,638996467,7122411,81,3
0,0.123535,13,3.867188
0,-0.146973,15,3.779297
1,6389815934,1445792,31260382,638996637,7122343,82,3
0,-0.220215,10,3.911133
0,0.174316,8,3.845215
1,6389816291,1445792,31260758,638996790,7122504,83,3
0,0.285645,17,3.911133
0,0.218262,2,3.889160
1,6389816119,1445792,31260564,638996454,7122416,84,3
0,0.080566,39,3.911133
0,0.174316,6,3.933105
1,6389815912,1445792,31260374,638996651,7122340,85,3
0,0.027344,23,3.889160
0,0.255371,16,3.933105
1,6389816251,1445792,31260676,638996344,7122461,86,3
0,0.097168,7,3.955078
0,0.354980,15,3.955078
1,6389816057,1445792,31260480,638996557,7122383,87,3
0,-0.177246,2,3.977051
0,0.015625,15,3.911133
1,6389816360,1445792,31260766,638996780,7122507,88,3
0,-0.305176,39,3.823242
0,0.140137,15,3.911133
1,6389816099,1445792,31260528,638996498,7122401,89,3
0,0.325684,2,3.845215
0,0.307129,16,3.889160
1,6389815905,1445792,31260288,638996756,7122305,90,3
0,-0.023438,18,3.933105
0,0.023438,20,3.977051
1,6389816143,1445792,31260543,638996504,7122408,91,3
0,0.397461,6,3.845215
0,0.247559,7,3.955078
1,6389815902,1445792,31260274,638996741,7122299,92,3
0,0.419922,12,3.911133
0,0.039062,7,3.977051
1,6389816150,1445792,31260517,638996503,7122397,93,3
0,0.348145,7,3.955078
0,0.189941,13,3.867188
1,6389816398,1445792,31260736,638996287,7122485,94,3
0,0.243652,7,3.889160
0,0.011719,14,3.955078
1,6389816107,1445792,31260449,638996567,7122369,95,3
0,0.279785,4,3.867188
0,0.305176,16,3.955078
1,6389816332,1445792,31260680,638996352,7122462,96,3
0,0.217285,7,3.889160
0,0.192871,26,4.020996
1,6389816032,1445792,31260368,638996671,7122338,97,4
0,-0.030273,15,4.020996
0,0.251465,25,3.845215
1,6389816222,1445792,31260560,638996479,7122414,98,3
0,-0.007812,13,3.911133
0,0.192871,24,3.911133
1,6389815900,1445792,31260231,638996287,7122272,99,3
0,0.093262,8,3.933105
0,-0.173340,19,3.889160
1,6389816095,1445792,31260406,638996632,7122353,100,3
0,0.263184,20,3.889160
0,0.156738,24,3.977051
1,6389816256,1445792,31260565,638996485,7122417,101,3
0,-0.062012,11,3.933105
0,0.085449,34,3.647461
1,6389815894,1445792,31260185,638996363,7122254,102,3
0,-0.124512,6,3.493652
0,0.112793,21,2.988281
1,6389816031,1445792,31260310,638996730,7122314,103,2
0,-0.144043,3,2.944336
0,-0.003906,23,2.768555
1,6389816159,1445792,31260437,638996621,7122365,104,2
0,0.178223,28,2.746582
0,0.108887,12,2.988281
1,18446742980587740091,1445792,31260542,638996498,26,105,2
0,0.000000,10,2.900391
0,0.247559,20,3.427734
1,6389816376,1445792,31260640,638996408,7122446,106,3
0,0.356934,5,3.603516
0,-0.085449,47,5.009766
1,6389815961,1445792,31260208,638996322,7122263,107,5
0,0.154785,14,5.075684
0,0.220215,10,5.163574
1,6389816037,1445792,31260295,638996746,7122308,108,5
0,0.097168,27,5.339355
0,0.400391,24,6.262207
1,6389816104,1445792,31260347,638996691,7122329,109,6
0,0.140137,29,6.745605
0,0.332520,20,8.129883
1,6389816168,1445792,31260410,638996638,7122354,110,8
0,0.235840,18,8.481445
0,0.415039,24,9.558105
1,6389816224,1445792,31260454,638996594,7122372,111,9
0,0.635742,6,9.733887
0,0.570312,19,10.942383
1,6389816283,1445792,31260504,638996539,7122392,112,10
0,0.678711,41,11.140137
0,0.858887,11,12.502441
1,6389816299,1445792,31260526,638996508,7122400,113,12
0,0.887207,2,12.875977
0,0.607422,25,13.688965
1,6389816357,1445792,31260543,638996506,7122407,114,13
0,1.036621,30,13.930664
0,1.194824,17,15.468750
1,6389816369,1445792,31260548,638996481,7122409,115,15
0,1.341797,21,15.776367
0,1.860840,12,17.841797
1,6389816373,1445792,31260552,638996479,7122411,116,17
0,1.620605,6,18.457031
0,1.867676,2,20.456543
1,6389816376,1445792,31260550,638996466,7122410,117,20
0,2.112793,11,21.005859
0,1.897949,24,23.356934
1,6389816362,1445792,31260503,638996503,7122390,118,23
0,1.643555,8,23.950195
0,2.300781,-2,26.257324
1,6389816357,1445792,31260504,638996517,7122391,119,26
0,2.066406,-11,26.608887
0,2.541992,15,28.388672
1,6389816325,1445792,31260450,638996562,7122369,120,28
0,2.124512,40,28.674316
0,2.264160,4,29.794922
1,6389816283,1445792,31260399,638996597,7122349,121,29
0,2.287598,7,29.904785
0,2.292480,2,30.190430
1,6389816232,1445792,31260337,638996654,7122324,122,30
0,2.244629,11,30.520020
0,2.279785,2,30.981445
1,6389816165,1445792,31260270,638996721,7122297,123,30
0,2.460449,9,31.135254
0,2.541992,-5,31.376953
1,6389816112,1445792,31260201,638996283,7122259,124,31
0,2.433105,34,31.464844
0,2.468262,1,31.926270
1,6389816034,1445792,31260118,638996379,7122226,125,31
0,2.423340,-10,32.167969
0,2.639648,-8,34.057617
1,6389815950,1445792,31260010,638996484,7122182,126,34
0,2.635742,-11,34.453125
0,2.627930,6,36.342773
1,6389816351,1445792,31260430,638996579,7122361,127,36
0,2.642578,4,36.562500
0,2.960449,-4,37.705078
1,6389816232,1445792,31260312,638996695,7122314,128,37
0,3.121582,-20,37.792969
0,2.930176,-15,38.891602
1,6389816135,1445792,31260186,638996316,7122253,129,38
0,2.991699,15,39.309082
0,-2.909668,-19,40.759277
1,6389815990,1445792,31260026,638996462,7122189,130,40
0,-3.091309,-15,41.022949
0,-3.020020,0,42.385254
1,6389816357,1445792,31260383,638996622,7122342,131,42
0,-2.778320,0,42.473145
0,-2.858887,6,43.527832
1,6389816201,1445792,31260232,638996266,7122271,132,43
0,-2.896973,-29,43.879395
0,-2.729492,4,45.043945
1,6389816032,1445792,31260056,638996440,7122201,133,45
0,-2.752930,0,45.395508
0,-2.530273,-8,46.713867
1,6389816373,1445792,31260390,638996625,7122345,134,46
0,-2.750977,8,46.889648
0,-2.568359,7,47.702637
1,6389816187,1445792,31260196,638996305,7122257,135,47
0,-2.441895,5,47.724609
0,-2.468262,0,48.581543
1,6389815984,1445792,31259991,638996515,7122175,136,48
0,-2.430176,-4,48.779297
0,-2.393555,-2,49.987793
1,6389816290,1445792,31260276,638996735,7122299,137,49
0,-2.340820,-1,50.339355
0,-2.169434,-5,52.141113
1,6389816072,1445792,31260053,638996445,7122199,138,52
0,-2.321289,-1,52.492676
0,-2.276855,-5,53.942871
1,6389816360,1445792,31260362,638996670,7122334,139,53
0,-2.264160,-12,54.052734
0,-2.348633,-8,54.382324
1,6389816139,1445792,31260125,638996383,7122229,140,54
0,-2.139160,-6,54.580078
0,-2.240723,-15,54.360352
1,6389815910,1445792,31259910,638996621,7122143,141,54
0,-2.352539,-6,54.294434
0,-2.181152,-9,59.677734
0,-2.102539,-21,60.996094
1,6389815963,1445792,31259926,638996595,7122149,142,60
0,-2.088867,-17,61.281738
0,-2.085938,-25,62.841797
1,6389816193,1445792,31260147,638996385,7122238,143,62
0,-2.246582,-27,63.369141
0,-1.851074,-30,66.005859
1,6389816396,1445792,31260358,638996671,7122332,144,66
0,-2.206543,-14,66.708984
0,-1.819824,-20,67.983398
1,6389816099,1445792,31260050,638996457,7122199,145,67
0,-2.125488,-20,67.939453
0,-2.152832,-10,69.038086
1,6389816329,1445792,31260268,638996774,7122297,146,69
0,-2.141113,-17,69.213867
0,-1.875488,-21,70.180664
1,6389816017,1445792,31259940,638996598,7122155,147,70
0,-1.958984,-16,70.334473
0,-1.937500,-19,71.345215
1,6389816189,1445792,31260124,638996394,7122229,148,71
0,-1.939453,-19,71.872559
0,-2.129395,-19,73.542480
1,6389816389,1445792,31260313,638996730,7122315,149,73
0,-1.871582,-17,73.652344
0,-1.950195,-18,74.465332
1,6389816030,1445792,31259964,638996579,7122165,150,74
0,-1.934570,-13,74.882812
0,-2.109375,-29,76.354980
1,6389816226,1445792,31260113,638996398,7122224,151,76
0,-2.037109,-16,76.772461
0,-2.156738,-20,78.112793
1,6389816386,1445792,31260266,638996783,7122296,152,78
0,-2.086914,-16,78.288574
0,-1.939453,-7,78.376465
1,6389816016,1445792,31259907,638996638,7122142,153,78
0,-2.006836,-19,78.288574
0,-2.091797,-14,78.640137
1,6389816145,1445792,31260021,638996480,7122186,154,78
0,-1.954102,-28,78.618164
0,-2.130371,-20,79.453125
1,6389816266,1445792,31260148,638996389,7122239,155,79
0,-1.982422,-23,80.068359
0,-2.128418,-25,83.518066
1,6389816403,1445792,31260275,638996781,7122299,156,83
0,-2.110352,-17,84.089355
0,-2.367188,-3,85.495605
1,6389816017,1445792,31259868,638996659,7122126,157,85
0,-2.020508,-15,85.495605
0,-2.075195,-19,85.319824
1,6389816096,1445792,31259981,638996578,7122172,158,85
0,-2.241699,-1,85.341797
0,-1.883301,-10,85.605469
1,6389816211,1445792,31260060,638996495,7122203,159,85
0,-2.114746,-13,85.715332
0,-1.978516,-25,84.418945
1,6389816270,1445792,31260139,638996400,7122235,160,84
0,-2.108398,-3,83.122559
0,-1.898926,-16,77.585449
1,6389816361,1445792,31260229,638996322,7122271,161,77
0,-2.156738,-34,76.201172
0,-2.111328,-19,73.103027
1,6389815952,1445792,31259761,638996775,7122083,162,73
0,-2.130371,-21,72.861328
0,-2.020508,-28,72.026367
1,6389816009,1445792,31259820,638996700,7122106,163,72
0,-2.084961,-12,71.740723
0,-2.133301,-29,71.433105
1,6389816037,1445792,31259864,638996649,7122124,164,71
0,-1.962891,-18,71.696777
0,-2.164551,-10,72.949219
1,6389816106,1445792,31259924,638996635,7122149,165,72
0,-2.352539,-21,73.256836
0,-2.518555,-11,73.850098
1,6389816145,1445792,31259942,638996586,7122155,166,73
0,-1.994141,-16,74.047852
0,-2.265137,-15,74.948730
1,6389816171,1445792,31259972,638996579,7122168,167,74
0,-2.217285,-18,75.124512
0,-2.214355,-18,76.069336
1,6389816209,1445792,31259993,638996528,7122175,168,76
0,-1.931641,-16,76.091309
0,-2.248535,-11,76.596680
1,6389816225,1445792,31260014,638996521,7122184,169,76
0,-2.019531,-22,76.750488
0,-2.183105,-33,77.343750
1,6389816239,1445792,31260034,638996485,7122192,170,77
0,-1.966797,-16,77.563477
0,-2.226074,-2,77.849121
1,6389816232,1445792,31260053,638996505,7122201,171,77
0,-2.177246,-13,77.958984
0,-2.304688,-8,78.486328
1,6389816279,1445792,31260060,638996457,7122202,172,78
0,-2.285645,-24,78.376465
0,-1.943359,-25,78.266602
1,6389816294,1445792,31260081,638996475,7122212,173,78
0,-2.044922,-13,78.354492
0,-2.051758,-14,77.958984
1,6389816276,1445792,31260074,638996445,7122208,174,77
0,-2.135254,-8,77.915039
0,-2.080078,-22,77.651367
1,6389816285,1445792,31260080,638996465,7122211,175,77
0,-2.084961,-13,77.717285
0,-2.164551,-16,77.651367
1,6389816278,1445792,31260072,638996486,7122208,176,77
0,-2.477051,-15,77.541504
0,-1.993164,-18,77.497559
1,6389816286,1445792,31260052,638996510,7122200,177,77
0,-1.978516,-9,77.277832
0,-2.153809,-11,76.333008
1,6389816232,1445792,31259991,638996523,7122175,178,76
0,-1.997070,-24,76.091309
0,-2.225098,-26,76.728516
1,6389816191,1445792,31259979,638996576,7122171,179,76
0,-1.925781,-13,76.662598
0,-2.489258,-12,77.036133
1,6389816181,1445792,31259931,638996631,7122151,180,77
0,-2.027344,-18,77.343750
0,-2.055664,-17,78.222656
1,6389816120,1445792,31259870,638996681,7122127,181,78
0,-2.208496,-9,78.376465
0,-1.874512,-17,79.035645
1,6389816080,1445792,31259799,638996713,7122097,182,79
0,-2.039062,-28,79.013672
0,-2.203613,-22,79.760742
1,6389816022,1445792,31259744,638996778,7122076,183,79
0,-2.275879,-14,80.024414
0,-2.112305,-1,80.595703
1,6389815956,1445792,31259673,638996381,7122038,184,80
0,-2.193848,-7,80.661621
0,-1.934570,-13,80.705566
1,6389816358,1445792,31260085,638996475,7122213,185,80
0,-2.181152,-15,80.793457
0,-2.064453,-28,81.936035
1,6389816282,1445792,31259970,638996585,7122167,186,81
0,-2.111328,-11,82.177734
0,-1.914551,-9,83.100586
1,6389816139,1445792,31259867,638996701,7122126,187,83
0,-1.962891,-17,83.232422
0,-1.854004,-2,84.660645
1,6389816022,1445792,31259740,638996835,7122075,188,84
0,-2.352539,-19,84.792480
0,-2.301270,-15,84.155273
1,6389816403,1445792,31260111,638996447,7122223,189,84
0,-2.082031,-22,83.979492
0,-2.080078,-18,84.331055
1,6389816274,1445792,31259989,638996592,7122175,190,84
0,-2.360352,0,84.506836
0,-2.201660,-7,85.891113
1,6389816132,1445792,31259827,638996736,7122110,191,85
0,-2.036133,-14,86.066895
0,-2.551758,-16,87.297363
1,6389815989,1445792,31259677,638996335,7122038,192,87
0,-2.187988,-12,87.648926
0,-2.237793,-13,88.132324
1,6389816353,1445792,31260039,638996523,7122195,193,88
0,-2.296875,-11,88.308105
0,-2.214355,-9,88.791504
1,6389816188,1445792,31259876,638996686,7122129,194,88
0,-2.167480,-14,89.055176
0,-2.291504,-17,89.494629
1,6389816035,1445792,31259724,638996848,7122069,195,89
0,-2.449707,-5,89.494629
0,-2.146973,0,90.021973
1,6389816404,1445792,31260056,638996516,7122202,196,90
0,-2.300781,-11,90.175781
0,-2.363281,-9,91.582031
1,6389816206,1445792,31259876,638996687,7122129,197,91
0,-2.342773,-17,91.911621
0,-2.483887,-11,92.988281
1,6389816027,1445792,31259707,638996350,7122052,198,92
0,-2.576172,-4,93.054199
0,-2.445801,-14,94.284668
1,6389816358,1445792,31260034,638996536,7122193,199,94
0,-2.612305,-3,94.548340
0,-2.383789,-1,95.910645
1,6389816167,1445792,31259843,638996741,7122116,200,95
0,-2.611328,-3,96.130371
0,-2.453613,-1,96.789551
1,6389815972,1445792,31259624,638996442,7122018,201,96
0,-2.402832,-14,96.921387
0,-2.819336,0,97.712402
1,6389816271,1445792,31259917,638996656,7122146,202,97
0,-2.506836,-3,97.998047
0,-2.678711,-5,98.613281
1,6389816042,1445792,31259708,638996342,7122052,203,98
0,-2.530273,-8,98.745117
0,-2.577148,-4,99.843750
1,6389816352,1445792,31259997,638996578,7122178,204,99
0,-2.723633,-15,100.129395
0,-3.023926,-8,101.118164
1,6389816132,1445792,31259793,638996791,7122096,205,101
0,-2.922363,2,101.447754
0,-2.834473,-2,102.480469
1,6389815908,1445792,31259577,638996466,7121999,206,102
0,-2.743164,0,102.788086
0,-2.629883,-10,103.535156
1,6389816218,1445792,31259862,638996702,7122124,207,103
0,-2.847168,4,103.710938
0,-2.872559,4,104.414062
1,6389816011,1445792,31259618,638996422,7122016,208,104
0,-2.893066,0,104.655762
0,-2.831543,9,105.666504
1,6389816247,1445792,31259901,638996670,7122140,209,105
0,-2.965332,-6,105.754395
0,-2.749023,-11,106.765137
1,6389816018,1445792,31259658,638996414,7122032,210,106
0,-3.141602,-2,107.028809
0,-2.937988,0,108.457031
1,6389816285,1445792,31259927,638996658,7122150,211,108
0,-3.024902,14,108.742676
0,-3.133789,-1,110.170898
1,6389816063,1445792,31259687,638996384,7122044,212,110
0,-3.023926,4,110.390625
0,-3.122070,16,111.445312
1,6389816309,1445792,31259968,638996625,7122167,213,111
0,-3.079590,-4,111.489258
0,3.052246,3,112.478027
1,6389816065,1445792,31259715,638996379,7122055,214,112
0,-2.878418,9,112.763672
0,3.015137,12,114.082031
1,6389816324,1445792,31259985,638996602,7122174,215,114
0,2.957520,3,114.565430
0,2.822266,1,115.488281
1,6389816082,1445792,31259724,638996888,7122069,216,115
0,2.932129,6,115.620117
0,2.874512,-1,116.147461
1,6389816326,1445792,31259936,638996639,7122154,217,116
0,2.855957,11,116.367188
0,2.641602,8,117.180176
1,6389816064,1445792,31259688,638996401,7122044,218,117
0,2.564453,26,117.399902
0,2.595703,3,118.300781
1,6389816296,1445792,31259929,638996676,7122151,219,118
0,2.924316,5,118.476562
0,2.569336,21,119.201660
1,6389816020,1445792,31259666,638996440,7122036,220,119
0,2.438965,2,119.289551
0,2.582031,-6,119.707031
1,6389816246,1445792,31259869,638996718,7122127,221,119
0,2.659180,5,119.707031
0,2.274902,27,119.882812
1,6389815963,1445792,31259586,638996513,7122004,222,119
0,2.738281,20,120.036621
0,2.426270,17,121.398926
1,6389816181,1445792,31259792,638996823,7122096,223,121
0,2.669922,12,121.750488
0,2.379883,18,123.332520
1,6389816387,1445792,31259971,638996621,7122168,224,123
0,2.337891,27,123.618164
0,2.301758,4,125.134277
1,6389816060,1445792,31259673,638996421,7122038,225,125
0,2.395020,10,125.771484
0,2.080078,8,127.902832
1,6389816267,1445792,31259839,638996748,7122114,226,127
0,2.134277,23,128.012695
0,2.288574,3,127.902832
1,6389815924,1445792,31259482,638996591,7121962,227,127
0,1.954102,21,127.968750
0,1.923828,20,128.166504
1,6389816106,1445792,31259669,638996423,7122037,228,128
0,1.866699,9,128.210449
0,2.295410,8,127.287598
1,6389816278,1445792,31259844,638996721,7122116,229,127
0,2.111328,3,126.958008
0,1.973633,15,126.936035
1,6389815956,1445792,31259518,638996558,7121976,230,126
0,1.939453,17,126.672363
0,2.172363,26,125.595703
1,6389816101,1445792,31259675,638996425,7122040,231,125
0,2.120605,21,125.815430
0,2.251465,23,128.452148
1,6389816257,1445792,31259823,638996788,7122109,232,128
0,1.915527,10,128.979492
0,1.812012,8,131.572266
1,6389815926,1445792,31259432,638996607,7121941,233,131
0,1.898926,11,131.945801
0,1.585449,15,133.769531
1,6389816069,1445792,31259591,638996476,7122005,234,133
0,1.690430,18,134.165039
0,1.923340,4,135.307617
1,6389816190,1445792,31259746,638996813,7122077,235,135
0,1.593262,11,135.944824
0,1.410156,8,138.383789
1,6389816350,1445792,31259890,638996668,7122134,236,138
0,1.352539,7,138.911133
0,1.416992,-1,139.833984
1,6389816007,1445792,31259509,638996523,7121971,237,139
0,1.485840,7,139.987793
0,1.438965,11,140.998535
1,6389816121,1445792,31259658,638996404,7122032,238,140
0,1.409180,2,141.350098
0,1.102051,15,142.690430
1,6389816274,1445792,31259798,638996781,7122098,239,142
0,1.327148,6,142.910156
0,1.348633,-8,143.876953
1,6389815903,1445792,31259429,638996595,7121939,240,143
0,1.044434,7,144.096680
0,1.085449,12,144.470215
1,6389816045,1445792,31259569,638996499,7121996,241,144
0,1.147949,-5,144.602051
0,0.882324,6,145.349121
1,6389816184,1445792,31259694,638996369,7122046,242,145
0,0.995117,-4,145.458984
0,1.158691,0,146.513672
1,6389816315,1445792,31259834,638996740,7122112,243,146
0,1.099121,-12,146.821289
0,1.094238,-5,148.029785
1,6389815937,1445792,31259441,638996604,7121944,244,148
0,1.187012,-7,148.271484
0,1.003906,0,148.996582
1,6389816077,1445792,31259592,638996464,7122005,245,148
0,0.935547,9,149.084473
0,0.843262,1,149.853516
1,6389816193,1445792,31259722,638996338,7122057,246,149
0,0.955078,4,150.161133
0,0.783203,17,151.215820
1,6389816340,1445792,31259854,638996738,7122121,247,151
0,0.840332,-2,151.501465
0,1.028809,-3,152.512207
1,6389815964,1445792,31259474,638996586,7121958,248,152
0,0.912598,6,152.753906
0,0.800781,-4,153.500977
1,6389816085,1445792,31259584,638996460,7122001,249,153
0,1.131348,-2,153.720703
0,0.769531,-14,154.445801
1,6389816211,1445792,31259712,638996343,7122053,250,154
0,0.928711,-2,154.753418
0,0.185059,-12,155.632324
1,6389816332,1445792,31259823,638996729,7122107,251,155
0,0.867676,-10,155.895996
0,0.943359,-4,156.928711
1,6389815923,1445792,31259426,638996627,7121938,252,156
0,0.874512,-6,157.236328
0,0.620117,-22,158.312988
1,6389816043,1445792,31259526,638996524,7121979,253,158
0,0.484375,-13,158.620605
0,0.618164,-7,159.851074
1,6389816151,1445792,31259614,638996432,7122014,254,159
0,0.738281,-11,160.114746
0,0.583008,-16,160.905762
1,6389816233,1445792,31259695,638996357,7122046,255,160
0,0.607422,-15,161.125488
0,0.437500,-14,161.960449
1,6389816333,1445792,31259795,638996764,7122096,256,161
0,0.428711,-8,162.136230
0,0.363770,-10,163.256836
1,6389815904,1445792,31259374,638996670,7121917,257,163
0,0.437500,-18,163.300781
0,0.624023,-14,164.223633
1,6389815996,1445792,31259454,638996585,7121949,258,164
0,0.427734,3,164.553223
0,0.364746,-4,165.607910
1,6389816049,1445792,31259528,638996528,7121979,259,165
0,0.281738,3,165.761719
0,0.718750,-16,166.464844
1,6389816137,1445792,31259607,638996426,7122011,260,166
0,0.139160,-1,166.640625
0,0.224121,-13,167.475586
1,6389816220,1445792,31259684,638996349,7122041,261,167
0,0.256348,-15,167.695312
0,-0.081543,-19,168.596191
1,6389816315,1445792,31259744,638996813,7122076,262,168
0,0.324707,-10,168.837891
0,0.247559,-8,169.431152
1,6389816363,1445792,31259798,638996760,7122097,263,169
0,0.196777,-17,169.760742
0,0.261230,-27,170.529785
1,6389815900,1445792,31259326,638996714,7121898,264,170
0,0.300293,-15,170.771484
0,0.285645,-15,171.452637
1,6389815946,1445792,31259363,638996664,7121912,265,171
0,-0.097168,-18,171.804199
0,-0.144043,-13,172.111816
1,6389815984,1445792,31259415,638996625,7121934,266,172
0,0.354980,-4,172.265625
0,-0.128418,-11,172.639160
1,6389816028,1445792,31259461,638996572,7121952,267,172
0,0.224121,-7,172.836914
0,-0.186035,-15,173.320312
1,6389816092,1445792,31259509,638996515,7121971,268,173
0,-0.146973,-17,173.605957
0,-0.182129,-19,174.484863
1,6389816141,1445792,31259559,638996456,7121991,269,174
0,-0.247559,-26,174.748535
0,-0.457031,-6,175.231934
1,6389816206,1445792,31259606,638996441,7122010,270,175
0,-0.147949,-13,175.231934
0,-0.035156,-21,175.056152
1,6389816216,1445792,31259620,638996400,7122016,271,175
0,-0.244629,-2,175.144043
0,-0.352051,-12,174.946289
1,6389816231,1445792,31259624,638996387,7122017,272,174
0,-0.073730,-18,174.924316
0,-0.259277,-21,175.187988
1,6389816273,1445792,31259677,638996331,7122038,273,175
0,0.007812,-10,175.100098
0,-0.139160,-26,175.187988
1,6389816293,1445792,31259651,638996342,7122027,274,175
0,-0.046875,-22,175.209961
0,-0.179199,-5,175.297852
1,6389816335,1445792,31259695,638996345,7122046,275,175
0,-0.293457,-18,175.363770
0,0.069824,-17,175.209961
1,6389816340,1445792,31259682,638996331,7122040,276,175
0,0.408203,-12,175.253906
0,-0.045898,-5,175.319824
1,6389816347,1445792,31259728,638996834,7122069,277,175
0,-0.065918,-16,175.341797
0,-0.202637,-14,175.671387
1,6389816337,1445792,31259685,638996326,7122041,278,175
0,-0.173340,-20,175.737305
0,-0.259277,-17,175.957031
1,6389816335,1445792,31259704,638996328,7122049,279,175
0,-0.332520,-7,175.979004
0,-0.316895,-28,176.066895
1,6389816308,1445792,31259694,638996333,7122045,280,176
0,-0.239746,0,176.022949
0,-0.332520,-18,175.891113
1,6389816289,1445792,31259652,638996357,7122028,281,175
0,-0.328613,-8,175.869141
0,-0.221191,-14,175.649414
1,6389816288,1445792,31259662,638996379,7122032,282,175
0,-0.282715,8,175.561523
0,-0.224121,-20,175.297852
1,6389816236,1445792,31259608,638996409,7122010,283,175
0,-0.100098,-11,175.363770
0,-0.111816,-8,175.209961
1,6389816231,1445792,31259563,638996441,7121992,284,175
0,-0.192871,-18,175.012207
0,-0.152832,-7,174.484863
1,6389816201,1445792,31259555,638996487,7121990,285,174
0,-0.347168,-3,174.396973
0,-0.235840,-19,173.869629
1,6389816148,1445792,31259522,638996518,7121976,286,173
0,-0.038086,-14,173.825684
0,-0.097168,-2,173.430176
1,6389816148,1445792,31259483,638996583,7121961,287,173
0,-0.031250,-23,173.452148
0,-0.255371,-7,173.298340
1,6389816077,1445792,31259412,638996637,7121932,288,173
0,-0.169434,5,173.144531
0,0.185059,-21,172.968750
1,6389815979,1445792,31259344,638996668,7121904,289,172
0,-0.220215,-22,172.990723
0,-0.213379,-12,172.727051
1,6389815939,1445792,31259280,638996768,7121880,290,172
0,-0.235840,-13,172.573242
0,-0.030273,-16,172.023926
1,6389815898,1445792,31259216,638996841,7121854,291,172
0,-0.255371,-13,171.804199
0,-0.007812,-21,171.342773
1,6389816339,1445792,31259634,638996402,7122021,292,171
0,-0.081543,-12,171.276855
0,-0.291504,-8,170.991211
1,6389816228,1445792,31259536,638996461,7121981,293,170
0,-0.200684,4,170.903320
0,0.173340,-6,170.617676
1,6389816139,1445792,31259480,638996572,7121960,294,170
0,-0.027344,-17,170.529785
0,-0.119629,-15,170.200195
1,6389816061,1445792,31259366,638996651,7121913,295,170
0,0.031250,-1,170.046387
0,0.389648,-9,169.760742
1,6389815966,1445792,31259296,638996753,7121886,296,169
0,0.336426,7,169.650879
0,0.209473,-21,168.947754
1,6389816369,1445792,31259718,638996328,7122055,297,168
0,0.244629,-14,168.815918
0,0.088379,-9,168.244629
1,6389816299,1445792,31259613,638996437,7122013,298,168
0,-0.116699,-16,168.244629
0,0.198730,-19,168.002930
1,6389816195,1445792,31259508,638996532,7121970,299,168
0,-0.132324,-5,168.002930
0,0.104980,-8,167.497559
1,6389816096,1445792,31259414,638996639,7121933,300,167
0,0.136230,-12,167.321777
0,0.023438,-12,166.860352
1,6389816020,1445792,31259308,638996739,7121891,301,166
0,0.426758,-17,166.816406
0,0.516602,-11,166.289062
1,6389816405,1445792,31259711,638996313,7122052,302,166
0,0.297363,-4,166.201172
0,0.206543,-14,165.893555
1,6389816289,1445792,31259608,638996443,7122011,303,165
0,0.174316,-15,165.893555
0,0.073730,-6,165.717773
1,6389816188,1445792,31259491,638996563,7121964,304,165
0,0.267090,-12,165.827637
0,0.042969,-17,165.651855
1,6389816068,1445792,31259370,638996677,7121915,305,165
0,0.189941,-23,165.454102
0,0.341309,-23,164.816895
1,6389815952,1445792,31259254,638996792,7121869,306,164
0,0.305176,-15,164.619141
0,-0.007812,-14,163.894043
1,6389816350,1445792,31259642,638996409,7122024,307,163
0,0.340332,-3,163.586426
0,0.218262,-16,162.817383
1,6389816212,1445792,31259534,638996524,7121982,308,162
0,0.643555,-10,162.663574
0,0.233887,-22,161.630859
1,6389816096,1445792,31259389,638996665,7121923,309,161
0,0.309082,-10,161.389160
0,0.448242,-17,160.400391
1,6389815960,1445792,31259252,638996798,7121868,310,160
0,0.572266,-18,160.158691
0,0.666016,-9,159.587402
1,6389816334,1445792,31259622,638996437,7122017,311,159
0,0.231934,-10,159.367676
0,0.305176,-3,158.708496
1,6389816208,1445792,31259492,638996572,7121965,312,158
0,0.372559,-12,158.510742
0,0.540039,-15,157.565918
1,6389816050,1445792,31259342,638996716,7121904,313,157
0,0.722656,-3,157.434082
0,0.255371,-9,156.599121
1,6389815906,1445792,31259198,638996358,7121837,314,156
0,0.666016,-7,156.401367
0,0.402344,-5,155.478516
1,6389816262,1445792,31259549,638996511,7121987,315,155
0,0.638672,-5,155.412598
0,0.777344,-5,154.423828
1,6389816110,1445792,31259404,638996661,7121929,316,154
0,0.457031,-5,154.182129
0,0.718750,-4,153.303223
1,6389815956,1445792,31259243,638996827,7121865,317,153
0,0.416016,3,153.193359
0,0.828613,-3,152.512207
1,6389816299,1445792,31259596,638996450,7122006,318,152
0,0.562500,6,152.358398
0,0.655273,-4,151.787109
1,6389816156,1445792,31259447,638996627,7121947,319,151
0,0.874512,-6,151.501465
0,0.840332,-3,150.402832
1,6389815987,1445792,31259277,638996801,7121879,320,150
0,0.803711,4,150.161133
0,0.573242,8,149.238281
1,6389816328,1445792,31259602,638996482,7122009,321,149
0,0.804688,3,148.908691
0,0.639648,-2,147.810059
1,6389816132,1445792,31259398,638996685,7121927,322,147
0,0.858887,5,147.546387
0,0.780273,4,146.711426
1,6389815952,1445792,31259200,638996373,7121838,323,146
0,0.975586,0,146.447754
0,0.894043,3,145.832520
1,6389816236,1445792,31259518,638996570,7121976,324,145
0,0.678711,7,145.678711
0,0.972656,-2,145.129395
1,6389816042,1445792,31259344,638996748,7121906,325,145
0,1.144043,3,144.931641
0,1.040527,6,144.228516
1,6389816383,1445792,31259643,638996408,7122025,326,144
0,0.784180,11,144.184570
0,0.992188,7,143.349609
1,6389816204,1445792,31259497,638996583,7121967,327,143
0,0.726562,3,143.151855
0,1.105957,17,142.338867
1,6389816065,1445792,31259328,638996783,7121900,328,142
0,1.118652,6,142.141113
0,1.209473,15,141.416016
1,6389816356,1445792,31259629,638996457,7122020,329,141
0,1.171387,7,141.174316
0,1.201660,4,140.559082
1,6389816189,1445792,31259432,638996637,7121941,330,140
0,1.093262,5,140.493164
0,1.271484,-10,140.207520
1,6389815946,1445792,31259224,638996847,7121857,331,140
0,1.357422,11,140.273438
0,1.334961,2,140.163574
1,6389816263,1445792,31259513,638996583,7121973,332,140
0,1.249023,7,140.141602
0,1.236328,21,139.768066
1,6389816042,1445792,31259294,638996829,7121886,333,139
0,1.085449,12,139.592285
0,1.174316,6,138.735352
1,6389816309,1445792,31259589,638996495,7122004,334,138
0,0.956055,2,138.537598
0,1.290039,-3,137.768555
1,6389816114,1445792,31259329,638996730,7121899,335,137
0,1.648438,0,137.636719
0,1.290039,-9,136.713867
1,6389816389,1445792,31259600,638996460,7122008,336,136
0,1.405273,7,136.516113
0,1.410156,2,135.769043
1,6389816140,1445792,31259360,638996701,7121911,337,135
0,1.378906,11,135.461426
0,1.829590,7,134.318848
1,6389816395,1445792,31259662,638996448,7122034,338,134
0,1.923340,4,134.055176
0,1.656250,5,132.956543
1,6389816174,1445792,31259418,638996664,7121935,339,132
0,1.756348,4,132.692871
0,1.854980,1,131.704102
1,6389815941,1445792,31259158,638996411,7121821,340,131
0,1.714844,5,131.462402
0,1.794434,1,130.671387
1,6389816181,1445792,31259413,638996678,7121934,341,130
0,2.140137,4,130.539551
0,1.737793,5,129.660645
1,6389815919,1445792,31259158,638996424,7121821,342,129
0,1.864746,4,129.484863
0,1.970703,1,128.430176
1,6389816171,1445792,31259426,638996676,7121939,343,128
0,1.955078,4,128.254395
0,2.103516,-3,127.375488
1,6389815918,1445792,31259161,638996422,7121822,344,127
0,1.922363,2,127.067871
0,1.938477,2,126.518555
1,6389816175,1445792,31259425,638996676,7121938,345,126
0,2.182129,-2,126.276855
0,2.506836,-2,125.288086
1,6389815922,1445792,31259163,638996411,7121823,346,125
0,2.102539,1,125.046387
0,2.229980,3,124.101562
1,6389816182,1445792,31259414,638996693,7121934,347,124
0,2.072266,6,123.903809
0,2.145020,0,123.552246
1,6389815902,1445792,31259146,638996454,7121816,348,123
0,2.356445,-9,123.420410
0,2.257324,-5,122.937012
1,6389816147,1445792,31259353,638996747,7121910,349,122
0,2.224121,7,122.783203
0,2.355469,9,122.102051
1,6389816353,1445792,31259590,638996546,7122006,350,122
0,2.627930,-5,121.948242
0,2.375000,4,120.585938
1,6389816054,1445792,31259335,638996845,7121904,351,120
0,2.300781,3,120.190430
0,2.366211,1,118.762207
1,6389816256,1445792,31259542,638996656,7121987,352,118
0,2.510742,5,118.498535
0,2.628906,5,117.421875
1,6389815925,1445792,31259230,638996980,7121863,353,117
0,2.737305,9,117.246094
0,2.582031,-1,116.279297
1,6389816129,1445792,31259416,18446742974836920609,41,354,116
0,2.755859,-4,116.037598
0,2.834473,8,115.180664
1,6389816341,1445792,31259616,638996576,7122017,355,115
0,2.853027,10,114.916992
0,2.897949,-11,113.906250
1,6389816022,1445792,31259302,638996869,7121891,356,113
0,3.016113,-4,113.796387
0,2.968262,-9,112.741699
1,6389816226,1445792,31259501,638996677,7121970,357,112
0,3.114746,-4,112.456055
0,-3.133789,-3,111.335449
1,6389815914,1445792,31259178,638996489,7121831,358,111
0,3.126465,-1,111.093750
0,-3.090332,0,110.083008
1,6389816106,1445792,31259347,638996822,7121908,359,110
0,3.102051,-5,109.775391
0,3.125488,-4,108.852539
1,6389816287,1445792,31259533,638996637,7121983,360,108
0,-2.854980,3,108.544922
0,-2.833984,-6,107.885742
1,6389815948,1445792,31259153,638996460,7121819,361,107
0,-2.694336,-2,107.666016
0,-2.819336,-2,107.116699
1,6389816118,1445792,31259285,638996805,7121882,362,107
0,-2.735352,3,106.918945
0,-2.774414,-4,106.303711
1,6389816272,1445792,31259460,638996650,7121952,363,106
0,-2.936035,-18,106.149902
0,-2.671875,-3,105.380859
1,6389815939,1445792,31259098,638996496,7121797,364,105
0,-2.708008,2,105.073242
0,-2.566406,-8,104.633789
1,6389816085,1445792,31259254,638996852,7121870,365,104
0,-2.739258,-7,104.392090
0,-2.569336,3,103.645020
1,6389816221,1445792,31259432,638996704,7121942,366,103
0,-2.708008,-8,103.535156
0,-2.674805,-10,102.788086
1,6389816372,1445792,31259547,638996574,7121987,367,102
0,-2.838867,1,102.458496
0,-2.775391,-6,99.316406
1,6389816019,1445792,31259164,638996441,7121823,368,99
0,-2.793945,-19,98.679199
0,-2.718750,-1,96.591797
1,6389816144,1445792,31259288,638996803,7121883,369,96
0,-2.739258,-9,96.701660
0,-2.839355,-6,96.811523
1,6389816259,1445792,31259415,638996701,7121935,370,96
0,-2.683594,-9,96.899414
0,-2.744141,-6,96.262207
1,6389816382,1445792,31259523,638996597,7121978,371,96
0,-2.755859,-3,96.042480
0,-2.682617,-9,94.855957
1,6389815970,1445792,31259092,638996474,7121794,372,94
0,-2.771484,-8,94.548340
0,-2.686523,-3,93.142090
1,6389816083,1445792,31259217,638996899,7121855,373,93
0,-2.422363,4,93.142090
0,-2.461426,-14,91.955566
1,6389816206,1445792,31259302,638996797,7121889,374,91
0,-2.711914,-4,91.538086
0,-2.409668,3,90.087891
1,6389816286,1445792,31259402,638996687,7121929,375,90
0,-2.450684,-7,89.736328
0,-2.485352,-7,87.978516
1,6389816392,1445792,31259477,638996634,7121959,376,87
0,-2.283691,-6,87.604980
0,-2.680664,3,85.913086
1,6389815951,1445792,31259031,638996544,7121770,377,85
0,-2.414551,-9,85.561523
0,-2.124512,-15,84.616699
1,6389816011,1445792,31259115,638996464,7121804,378,84
0,-2.526367,-8,84.418945
0,-2.274902,-3,83.452148
1,6389816102,1445792,31259179,638996389,7121829,379,83
0,-2.476074,-4,83.276367
0,-2.503906,-8,82.595215
1,6389816154,1445792,31259231,638996844,7121860,380,82
0,-2.352539,-8,82.397461
0,-2.322266,-10,81.650391
1,6389816195,1445792,31259273,638996828,7121877,381,81
0,-2.204590,-20,81.518555
0,-2.229004,-4,81.013184
1,6389816265,1445792,31259307,638996771,7121890,382,81
0,-2.229004,-13,80.859375
0,-2.264160,-12,80.222168
1,6389816277,1445792,31259351,638996735,7121908,383,80
0,-2.229980,-3,79.980469
0,-2.103516,-6,79.321289
1,6389816299,1445792,31259355,638996714,7121910,384,79
0,-2.140137,-6,78.991699
0,-2.156738,-14,77.299805
1,6389816352,1445792,31259403,638996710,7121929,385,77
0,-2.257324,-4,76.860352
0,-2.205566,-7,75.146484
1,6389816355,1445792,31259414,638996678,7121934,386,75
0,-2.165527,-19,74.729004
0,-2.045898,-11,74.069824
1,6389816391,1445792,31259408,638996665,7121931,387,74
0,-2.138184,-5,73.916016
0,-2.406738,-15,73.388672
1,6389816387,1445792,31259424,638996657,7121937,388,73
0,-2.220215,-8,73.212891
0,-2.251465,-25,72.817383
1,6389816399,1445792,31259417,638996654,7121934,389,72
0,-2.188965,-11,72.641602
0,-2.184082,-21,71.499023
1,6389816376,1445792,31259422,638996658,7121936,390,71
0,-2.165527,-9,71.564941
0,-2.573242,-9,70.817871
1,6389816398,1445792,31259409,638996678,7121931,391,70
0,-2.130371,-11,70.817871
0,-1.975586,-17,70.708008
1,6389816356,1445792,31259384,638996713,7121921,392,70
0,-2.369141,-25,70.795898
0,-2.389648,-13,70.795898
1,6389816368,1445792,31259359,638996715,7121911,393,70
0,-2.080078,-21,70.532227
0,-2.351562,-24,67.565918
1,6389816346,1445792,31259353,638996731,7121909,394,67
0,-2.272949,-11,67.192383
0,-2.252441,-24,66.862793
1,6389816316,1445792,31259350,638996777,7121908,395,66
0,-2.264160,-19,66.862793
0,-1.997070,-12,66.115723
1,6389816277,1445792,31259300,638996818,7121888,396,66
0,-2.114746,-27,65.983887
0,-1.852051,-24,65.346680
1,6389816266,1445792,31259265,638996837,7121874,397,65
0,-1.809082,-14,65.346680
0,-2.044922,-24,65.214844
1,6389816212,1445792,31259203,638996394,7121839,398,65
0,-1.803223,-16,64.951172
0,-2.014648,-23,64.094238
1,6389816167,1445792,31259144,638996431,7121815,399,64
0,-2.013672,-26,63.522949
0,-2.005859,-23,60.446777
1,6389816083,1445792,31259078,638996529,7121789,400,60
0,-1.989258,-18,59.765625
0,-2.020508,-20,58.601074
1,6389816027,1445792,31258989,638996620,7121753,401,58
0,-2.138184,-15,58.293457
0,-2.134277,-12,56.843262
1,6389815909,1445792,31258876,638996710,7121708,402,56
0,-1.804199,-18,56.513672
0,-1.996094,-27,55.480957
1,6389816315,1445792,31259281,638996833,7121880,403,55
0,-2.110352,-34,55.261230
0,-2.016602,-21,54.602051
1,6389816212,1445792,31259171,638996425,7121826,404,54
0,-2.134277,-16,54.228516
0,-2.296387,-27,53.327637
1,6389816105,1445792,31259064,638996531,7121783,405,53
0,-2.243652,2,53.041992
0,-2.292480,-19,51.789551
1,6389815997,1445792,31258944,638996646,7121735,406,51
0,-2.282715,-14,51.855469
0,-2.181152,-23,50.998535
1,6389816399,1445792,31259349,638996762,7121908,407,50
0,-2.506836,-26,50.998535
0,-2.304688,-19,50.185547
1,6389816284,1445792,31259228,638996882,7121859,408,50
0,-2.328125,-2,50.053711
0,-2.268066,-25,49.460449
1,6389816165,1445792,31259099,638996496,7121797,409,49
0,-2.539062,-32,49.086914
0,-2.295410,-33,48.515625
1,6389816027,1445792,31258958,638996636,7121740,410,48
0,-2.462402,-27,48.493652
0,-2.530273,0,48.098145
1,6389816395,1445792,31259304,638996785,7121889,411,48
0,-2.507812,-10,47.878418
0,-2.477051,-23,47.175293
1,6389816231,1445792,31259169,638996433,7121825,412,47
0,-2.643555,-27,46.757812
0,-2.727539,7,45.856934
1,6389816098,1445792,31259026,638996581,7121768,413,45
0,-2.561523,-31,45.747070
0,-2.634766,-15,44.472656
1,6389815937,1445792,31258844,638996749,7121695,414,44
0,-2.794922,1,44.428711
0,-2.809570,-26,43.220215
1,6389816289,1445792,31259183,638996389,7121830,415,43
0,-2.857910,-22,43.264160
0,-2.743164,-22,42.561035
1,6389816117,1445792,31259017,638996565,7121764,416,42
0,-3.094238,2,42.341309
0,-2.884277,-4,41.813965
1,6389815944,1445792,31258842,638996736,7121693,417,41
0,-3.048340,-17,41.704102
0,2.850098,14,41.022949
1,6389816289,1445792,31259165,638996413,7121823,418,41
0,3.103027,-20,40.825195
0,3.047363,-7,40.231934
1,6389816102,1445792,31258972,638996623,7121746,419,40
0,3.011230,-29,40.078125
0,2.882324,-15,39.462891
1,6389815906,1445792,31258781,638996824,7121669,420,39
0,2.973145,16,39.353027
0,2.983887,4,38.825684
1,6389816192,1445792,31259048,638996525,7121776,421,38
0,2.778320,-13,38.562012
0,2.896973,-14,37.770996
1,6389815976,1445792,31258844,638996750,7121695,422,37
0,2.768555,7,37.727051
0,2.572266,-17,37.089844
1,6389816264,1445792,31259109,638996474,7121801,423,37
0,2.654297,-19,37.023926
0,2.633789,-21,36.364746
1,6389816021,1445792,31258861,638996716,7121701,424,36
0,2.526367,-7,36.342773
0,2.448730,0,35.771484
1,6389816294,1445792,31259134,638996451,7121811,425,35
0,2.214355,5,35.727539
0,2.235840,2,34.980469
1,6389816040,1445792,31258897,638996696,7121716,426,34
0,2.624023,-19,34.958496
0,2.780273,-14,34.233398
1,6389816325,1445792,31259168,638996437,7121825,427,34
0,2.518555,-5,33.947754
0,2.335938,2,33.508301
1,6389816056,1445792,31258906,638996702,7121720,428,33
0,2.399902,-12,33.310547
0,2.305664,-6,32.211914
1,6389816311,1445792,31259152,638996454,7121818,429,32
0,2.125488,-1,32.145996
0,2.422363,0,31.596680
1,6389816035,1445792,31258892,638996719,7121714,430,31
0,2.055664,5,31.530762
0,2.375000,41,30.717773
1,6389816283,1445792,31259118,638996501,7121805,431,30
0,2.213379,17,30.541992
0,2.371094,3,29.860840
1,6389815994,1445792,31258840,638996774,7121693,432,29
0,2.325195,-1,29.509277
0,1.856934,-4,28.959961
1,6389816234,1445792,31259089,638996530,7121794,433,28
0,2.052734,11,28.696289
0,2.021484,1,28.256836
1,6389815955,1445792,31258791,638996824,7121674,434,28
0,1.955078,6,28.146973
0,1.726562,10,27.663574
1,6389816169,1445792,31258991,638996597,7121753,435,27
0,1.887207,9,27.575684
0,2.296875,11,26.586914
1,6389815895,1445792,31258698,638996393,7121626,436,26
0,1.550293,12,26.433105
0,2.005859,28,25.312500
1,6389816104,1445792,31258948,638996692,7121737,437,25
0,2.148926,23,25.136719
0,2.185059,21,24.104004
1,6389816313,1445792,31259159,638996475,7121822,438,24
0,1.489746,14,23.906250
0,1.601074,28,22.917480
1,6389816027,1445792,31258860,638996766,7121702,439,22
0,1.832520,32,22.785645
0,1.628418,34,22.346191
1,6389816234,1445792,31259077,638996559,7121789,440,22
0,1.627441,7,22.170410
0,1.841309,19,21.752930
1,6389815942,1445792,31258767,638996883,7121665,441,21
0,1.726562,24,21.643066
0,1.542480,18,21.203613
1,6389816135,1445792,31258954,638996690,7121740,442,21
0,1.913574,33,21.225586
0,1.810059,33,21.071777
1,6389816316,1445792,31259161,638996480,7121823,443,21
0,1.796387,38,21.093750
0,1.520996,9,20.610352
1,6389815999,1445792,31258838,638996808,7121693,444,20
0,1.388672,25,20.346680
0,1.501465,7,19.423828
1,6389816184,1445792,31259013,638996621,7121763,445,19
0,1.094238,28,19.094238
0,1.549316,20,19.160156
1,6389816360,1445792,31259180,638996446,7121830,446,19
0,1.334961,25,19.028320
0,1.414062,20,19.028320
1,6389816033,1445792,31258841,638996802,7121694,447,19
0,1.772949,2,19.072266
0,1.549316,8,19.028320
1,6389816213,1445792,31258995,638996637,7121756,448,19
0,1.366211,25,18.654785
0,1.806152,13,17.160645
1,6389816357,1445792,31259157,638996492,7121821,449,17
0,1.574707,28,16.743164
0,1.463379,2,14.809570
1,6389815984,1445792,31258781,638996851,7121670,450,14
0,1.420898,15,14.216309
0,1.414062,8,13.073730
1,6389816132,1445792,31258926,638996707,7121728,451,13
0,1.151855,3,12.985840
0,1.228027,9,12.348633
1,6389816289,1445792,31259078,638996568,7121789,452,12
0,1.018555,5,11.909180
0,0.912598,25,11.030273
1,6389815912,1445792,31258714,638996951,7121644,453,11
0,1.193848,2,10.832520
0,0.528320,22,10.195312
1,6389816059,1445792,31258833,638996825,7121691,454,10
0,1.028809,7,10.129395
0,0.940430,11,9.492188
1,6389816179,1445792,31258970,638996679,7121746,455,9
0,0.970703,11,9.272461
0,0.479492,23,8.767090
1,6389816304,1445792,31259098,638996573,7121798,456,8
0,0.682617,8,8.547363
0,0.730469,7,8.129883
1,6389815911,1445792,31258711,638996941,7121643,457,8
0,0.568359,8,7.976074
0,0.475586,18,7.119141
1,6389816041,1445792,31258821,638996829,7121686,458,7
0,0.305176,18,7.053223
0,0.464844,21,6.328125
1,6389816159,1445792,31258943,638996701,7121735,459,6
0,0.472656,19,6.218262
0,0.316895,11,5.317383
1,6389816282,1445792,31259053,638996589,7121779,460,5
0,0.355957,20,5.185547
0,0.241699,10,4.218750
1,6389816384,1445792,31259165,638996493,7121825,461,4
0,0.243652,17,4.086914
0,0.085449,12,3.581543
1,6389815972,1445792,31258752,638996893,7121658,462,3
0,0.104004,38,3.449707
0,0.419922,20,2.592773
1,6389816084,1445792,31258846,638996808,7121696,463,2
0,-0.019531,17,2.395020
0,0.039062,12,1.911621
1,6389816169,1445792,31258921,638996717,7121726,464,1
0,0.003906,20,1.977539
0,0.308105,5,1.625977
1,6389816243,1445792,31259014,638996639,7121764,465,1
0,0.089355,18,1.538086
0,0.015625,9,1.054688
1,6389816329,1445792,31259084,638996572,7121792,466,1
0,-0.185059,14,0.769043
0,0.140137,7,0.219727
1,6389816404,1445792,31259158,638996499,7121822,467,0
0,0.085449,6,359.978027
0,-0.062012,14,359.252930
1,6389815967,1445792,31258710,638996945,7121642,468,359
0,-0.127441,4,359.121094
0,0.015625,13,357.978516
1,6389816042,1445792,31258786,638996860,7121672,469,357
0,-0.136230,6,357.824707
0,-0.205566,25,356.879883
1,6389816121,1445792,31258856,638996790,7121700,470,356
0,0.092285,31,356.528320
0,-0.011719,14,355.759277
1,6389816181,1445792,31258914,638996726,7121723,471,355
0,0.107910,10,355.517578
0,-0.042969,13,354.638672
1,6389816238,1445792,31258974,638996672,7121747,472,354
0,-0.093262,9,354.440918
0,0.030273,9,353.781738
1,6389816302,1445792,31259037,638996619,7121773,473,353
0,-0.146973,6,353.627930
0,-0.123535,27,352.902832
1,6389816353,1445792,31259079,638996567,7121789,474,352
0,0.039062,1,352.902832
0,-0.073730,7,352.133789
1,6389815906,1445792,31258643,638996510,7121605,475,352
0,-0.177246,5,352.045898
0,-0.146973,7,350.793457
1,6389815960,1445792,31258698,638996446,7121627,476,350
0,-0.108887,9,350.507812
0,-0.217285,16,349.431152
1,6389816009,1445792,31258720,638996930,7121645,477,349
0,-0.144043,4,349.123535
0,-0.108887,3,348.508301
1,6389816042,1445792,31258767,638996896,7121665,478,348
0,-0.112793,7,348.310547
0,-0.472656,16,347.475586
1,6389816070,1445792,31258777,638996896,7121669,479,347
0,-0.317871,10,347.145996
0,-0.061035,17,346.640625
1,18446742980587739927,1445792,31258785,638996867,26,480,346
0,-0.027344,4,346.442871
0,0.023438,11,345.673828
1,6389816099,1445792,31258791,638996876,7121674,481,345
0,-0.228027,21,345.520020
0,-0.237793,31,344.860840
1,6389816095,1445792,31258793,638996886,7121675,482,344
0,-0.170410,4,344.663086
0,-0.132324,3,344.047852
1,6389816087,1445792,31258775,638996890,7121668,483,344
0,-0.112793,17,343.894043
0,-0.088379,9,343.278809
1,6389816056,1445792,31258756,638996921,7121661,484,343
0,-0.136230,-2,343.234863
0,-0.216309,2,342.685547
1,6389816032,1445792,31258711,638996966,7121643,485,342
0,-0.205566,9,342.619629
0,-0.320801,6,342.202148
1,6389815977,1445792,31258644,638996508,7121605,486,342
0,-0.179199,30,342.070312
0,-0.108887,8,341.477051
1,6389815920,1445792,31258610,638996562,7121592,487,341
0,-0.206543,17,341.257324
0,-0.287598,10,340.817871
1,6389816396,1445792,31259067,638996608,7121785,488,340
0,-0.401367,1,340.664062
0,-0.255371,24,340.158691
1,6389816352,1445792,31259004,638996676,7121760,489,340
0,-0.175293,9,339.938965
0,-0.393555,-2,339.345703
1,6389816281,1445792,31258967,638996737,7121746,490,339
0,-0.287598,3,339.147949
0,-0.225098,12,338.774414
1,6389816224,1445792,31258902,638996790,7121719,491,338
0,-0.136230,4,338.708496
0,-0.281738,20,338.115234
1,6389816164,1445792,31258824,638996858,7121688,492,338
0,-0.247559,9,337.939453
0,-0.305176,5,337.302246
1,6389816098,1445792,31258790,638996914,7121675,493,337
0,0.019531,5,337.038574
0,-0.371582,-1,336.159668
1,6389816032,1445792,31258706,638997008,7121641,494,336
0,-0.147949,-2,335.939941
0,-0.372559,3,334.577637
1,6389815937,1445792,31258581,638996598,7121580,495,334
0,-0.627930,6,334.204102
0,-0.476562,2,332.973633
1,6389816346,1445792,31259045,638996704,7121778,496,332
0,-0.432617,10,332.797852
0,-0.421875,4,331.962891
1,6389816230,1445792,31258932,638996832,7121733,497,331
0,-0.862793,0,331.853027
0,-0.320801,-5,331.984863
1,6389816108,1445792,31258761,638996955,7121663,498,331
0,-0.746094,9,332.006836
0,-0.349121,4,332.709961
1,6389815972,1445792,31258652,638996575,7121610,499,332
0,-0.320801,2,333.391113
0,-0.235840,4,334.028320
1,6389816359,1445792,31258986,638996704,7121753,500,334
0,-0.301270,3,333.786621
0,-0.464844,10,333.259277
1,6389816232,1445792,31258916,638996837,7121726,501,333
0,-0.463867,-3,333.193359
0,-0.324707,4,332.072754
1,6389816109,1445792,31258798,638996965,7121679,502,332
0,-0.297363,1,331.655273
0,-0.476562,10,330.161133
1,6389815965,1445792,31258654,638996617,7121611,503,330
0,-0.355957,2,329.765625
0,-0.669922,11,328.513184
1,6389816324,1445792,31259023,638996757,7121770,504,328
0,-0.789062,11,328.359375
0,-0.583984,10,327.326660
1,6389816167,1445792,31258866,638996911,7121707,505,327
0,-0.559570,-1,327.019043
0,-0.956055,16,326.008301
1,6389816024,1445792,31258724,638997064,7121650,506,326
0,-0.638672,-2,325.766602
0,-0.737305,-5,325.239258
1,6389816379,1445792,31259073,638996707,7121790,507,325
0,-0.722656,2,325.327148
0,-0.999023,12,324.931641
1,6389816215,1445792,31258728,638996889,7121648,508,324
0,-0.643555,1,324.733887
0,-0.542969,-9,323.679199
1,6389816036,1445792,31258527,638996559,7121556,509,323
0,-0.928711,11,323.371582
0,-0.714844,7,322.448730
1,6389816374,1445792,31258843,638996756,7121693,510,322
0,-0.947266,0,322.229004
0,-0.996094,-1,321.152344
1,6389816186,1445792,31258661,638996420,7121610,511,321
0,-1.112793,-18,320.844727
0,-0.886230,1,319.636230
1,6389816008,1445792,31258481,638996592,7121538,512,319
0,-0.912598,-13,319.306641
0,-1.210449,-3,318.471680
1,6389816334,1445792,31258791,638996806,7121672,513,318
0,-0.875488,-21,318.339844
0,-1.209473,-14,317.658691
1,6389816126,1445792,31258590,638996484,7121582,514,317
0,-1.121582,6,317.416992
0,-1.109863,-2,316.472168
1,6389815922,1445792,31258393,638996696,7121503,515,316
0,-1.040527,10,316.230469
0,-1.273438,1,315.131836
1,6389816257,1445792,31258703,638996908,7121637,516,315
0,-1.385742,1,314.824219
0,-1.342773,-2,313.637695
1,6389816015,1445792,31258495,638996596,7121544,517,313
0,-1.282227,-9,313.352051
0,-1.106934,-12,311.330566
1,6389816333,1445792,31258804,638996790,7121678,518,311
0,-1.297852,-3,310.935059
0,-1.250000,12,309.045410
1,6389816119,1445792,31258597,638996502,7121585,519,309
0,-1.666992,-8,308.583984
0,-1.366211,0,307.375488
1,6389815945,1445792,31258394,638996675,7121503,520,307
0,-1.290039,-4,307.111816
0,-1.489746,0,305.683594
1,6389816220,1445792,31258690,638996409,7121622,521,305
0,-1.309570,2,305.375977
0,-1.628418,2,303.903809
1,6389816016,1445792,31258454,638996643,7121528,522,303
0,-1.795410,-4,303.596191
0,-1.421875,-7,302.519531
1,6389816275,1445792,31258729,638996854,7121647,523,302
0,-1.569824,1,302.277832
0,-1.605957,-10,301.816406
1,6389816037,1445792,31258508,638996588,7121549,524,301
0,-1.506348,-9,301.816406
0,-1.728516,-13,301.069336
1,6389816330,1445792,31258774,638996830,7121666,525,301
0,-1.674805,-12,300.849609
0,-1.703125,-13,299.948730
1,6389816083,1445792,31258516,638996571,7121552,526,299
0,-1.783691,-9,299.465332
0,-1.542480,-17,298.388672
1,6389816349,1445792,31258777,638996820,7121667,527,298
0,-1.829590,-16,298.256836
0,-1.382812,-20,297.883301
1,6389816095,1445792,31258517,638996594,7121553,528,297
0,-1.652344,-20,297.663574
0,-2.118652,-8,296.850586
1,6389816341,1445792,31258766,638996841,7121662,529,296
0,-2.006836,-7,296.740723
0,-1.856934,-12,296.696777
1,6389816070,1445792,31258494,638996603,7121544,530,296
0,-1.847168,-24,297.004395
0,-1.666992,-13,297.597656
1,6389816316,1445792,31258748,638996856,7121655,531,297
0,-2.142090,-12,297.861328
0,-1.864746,-18,299.069824
1,6389816054,1445792,31258479,638996608,7121537,532,299
0,-1.943359,-11,299.113770
0,-1.999023,-8,297.971191
1,6389816290,1445792,31258713,638996896,7121641,533,297
0,-1.906738,-12,296.828613
0,-2.324219,-9,291.665039
1,6389816017,1445792,31258440,638996666,7121522,534,291
0,-1.849121,-8,290.522461
0,-2.122559,0,287.666016
1,6389816233,1445792,31258660,638996450,7121610,535,287
0,-2.291504,10,287.050781
0,-2.257324,9,284.589844
1,6389815914,1445792,31258385,638996740,7121500,536,284
0,-2.379883,12,284.040527
0,-2.154785,-11,282.106934
1,6389816168,1445792,31258591,638996527,7121583,537,282
0,-2.499023,21,281.777344
0,-2.386719,17,279.975586
1,6389816371,1445792,31258811,638996827,7121681,538,279
0,-2.636719,11,279.470215
0,-2.469238,-12,278.041992
1,6389816093,1445792,31258535,638996586,7121561,539,278
0,-2.743164,15,277.470703
0,-2.770508,2,276.174316
1,6389816315,1445792,31258761,638996889,7121662,540,276
0,-2.383789,-1,275.690918
0,-2.484375,-12,274.262695
1,6389816036,1445792,31258468,638996651,7121534,541,274
0,-2.751953,23,273.867188
0,-2.909668,-3,272.526855
1,6389816249,1445792,31258680,638996442,7121619,542,272
0,-2.739258,-10,272.175293
0,-2.656250,-6,270.351562
1,6389815951,1445792,31258378,638996762,7121498,543,270
0,-2.973145,-11,269.978027
0,-2.727539,1,268.286133
1,6389816143,1445792,31258561,638996580,7121571,544,268
0,-2.844238,-2,267.978516
0,-2.727539,2,266.440430
1,6389816326,1445792,31258745,638996900,7121655,545,266
0,-2.963379,5,266.000977
0,-2.977051,6,264.638672
1,6389815985,1445792,31258407,638996738,7121510,546,264
0,-2.877441,6,264.309082
0,-2.901855,8,263.430176
1,6389816160,1445792,31258583,638996562,7121580,547,263
0,-2.810547,-3,263.188477
0,-3.026855,19,262.023926
1,6389816348,1445792,31258744,638996922,7121655,548,262
0,-3.110352,15,261.562500
0,-3.062988,1,260.046387
1,6389815977,1445792,31258424,638996719,7121517,549,260
0,-2.865723,12,259.453125
0,-2.886230,19,258.090820
1,6389816164,1445792,31258590,638996568,7121583,550,258
0,-3.098633,11,257.541504
0,-2.755859,17,255.783691
1,6389816339,1445792,31258767,638996906,7121664,551,255
0,-2.587891,28,255.344238
0,-2.663086,18,254.619141
1,6389815970,1445792,31258406,638996753,7121510,552,254
0,-3.016113,23,254.443359
0,-2.833496,22,253.212891
1,6389816141,1445792,31258578,638996591,7121579,553,253
0,-2.909668,37,253.146973
0,-2.593750,32,251.916504
1,6389816296,1445792,31258733,638996946,7121651,554,251
0,-2.739258,21,251.564941
0,-2.764648,48,250.971680
1,6389815954,1445792,31258384,638996772,7121501,555,250
0,-2.806641,32,250.817871
0,-2.913574,21,250.004883
1,6389816110,1445792,31258538,638996622,7121562,556,250
0,-2.829102,58,249.895020
0,-2.668945,32,249.060059
1,6389816258,1445792,31258696,638996478,7121626,557,249
0,-2.666992,27,248.642578
0,-2.894043,30,247.236328
1,6389815904,1445792,31258340,638996835,7121483,558,247
0,-2.941895,20,246.752930
0,-3.067871,39,245.961914
1,6389816071,1445792,31258505,638996685,7121550,559,245
0,-2.897949,44,245.676270
0,-2.870605,45,244.489746
1,6389816222,1445792,31258652,638996519,7121609,560,244
0,-2.702148,29,244.270020
0,-2.918457,45,243.544922
1,6389816362,1445792,31258799,638996879,7121677,561,243
0,-2.811523,41,243.237305
0,-2.694336,24,242.424316
1,6389816026,1445792,31258442,638996729,7121524,562,242
0,-2.638672,18,242.028809
0,-2.626953,37,240.842285
1,6389816159,1445792,31258582,638996582,7121580,563,240
0,-2.692383,30,240.710449
0,-2.661133,14,239.853516
1,6389816294,1445792,31258712,638996963,7121643,564,239
0,-2.957520,15,239.831543
0,-2.923340,32,239.458008
1,6389815924,1445792,31258321,638996839,7121475,565,239
0,-2.841309,39,239.436035
0,-2.657227,33,240.051270
1,6389816043,1445792,31258428,638996720,7121518,566,240
0,-2.584961,35,239.963379
0,-2.742188,9,239.809570
1,6389816157,1445792,31258533,638996616,7121560,567,239
0,-2.715820,33,239.765625
0,-2.692383,21,239.304199
1,6389816270,1445792,31258657,638996503,7121610,568,239
0,-2.737305,27,238.688965
0,-2.655273,30,236.843262
1,6389816398,1445792,31258785,638996873,7121671,569,236
0,-2.717773,27,236.447754
0,-2.814453,21,234.338379
1,6389816015,1445792,31258409,638996733,7121510,570,234
0,-2.491211,20,233.986816
0,-2.638672,8,233.964844
1,6389816152,1445792,31258531,638996612,7121559,571,233
0,-2.453613,14,233.723145
0,-2.541992,8,232.954102
1,6389816285,1445792,31258656,638996494,7121609,572,232
0,-2.622070,15,232.778320
0,-2.621094,22,231.042480
1,6389816402,1445792,31258785,638996876,7121671,573,231
0,-2.660156,14,230.273438
0,-2.506836,22,228.383789
1,6389816019,1445792,31258401,638996742,7121507,574,228
0,-2.506836,14,227.878418
0,-2.403809,16,226.647949
1,6389816147,1445792,31258520,638996618,7121555,575,226
0,-2.343750,9,226.208496
0,-2.362305,15,224.099121
1,6389816274,1445792,31258642,638996492,7121603,576,224
0,-2.244629,5,223.571777
0,-2.086914,13,222.297363
1,6389816401,1445792,31258765,638996886,7121663,577,222
0,-2.371094,13,222.209473
0,-2.386719,9,220.825195
1,6389816007,1445792,31258367,638996758,7121493,578,220
0,-2.112793,4,220.297852
0,-2.024414,-6,218.254395
1,6389816134,1445792,31258486,638996630,7121541,579,218
0,-1.768066,-1,217.836914
0,-1.706055,-6,215.903320
1,6389816240,1445792,31258613,638996512,7121592,580,215
0,-2.072266,-7,215.507812
0,-1.635742,-10,213.750000
1,6389816393,1445792,31258738,638996899,7121652,581,213
0,-1.620605,0,213.354492
0,-1.420898,-6,211.047363
1,6389815997,1445792,31258361,638996783,7121491,582,211
0,-1.686523,-7,210.607910
0,-1.640625,-11,209.333496
1,6389816104,1445792,31258458,638996660,7121530,583,209
0,-1.825684,-12,208.894043
0,-1.567871,-21,208.256836
1,6389816225,1445792,31258579,638996541,7121578,584,208
0,-1.659180,-19,208.190918
0,-1.421875,0,207.795410
1,6389816347,1445792,31258689,638996402,7121621,585,207
0,-1.713867,-8,207.685547
0,-1.567871,-17,207.355957
1,6389815956,1445792,31258307,638996782,7121468,586,207
0,-1.353516,-16,207.377930
0,-1.611816,-16,205.751953
1,6389816083,1445792,31258443,638996679,7121524,587,205
0,-1.432617,-14,205.202637
0,-1.191895,-12,203.005371
1,6389816207,1445792,31258543,638996561,7121563,588,203
0,-1.352539,-18,202.697754
0,-1.444824,-14,201.269531
1,6389816327,1445792,31258666,638996437,7121613,589,201
0,-1.346680,-18,200.808105
0,-1.304688,-13,199.138184
1,6389815938,1445792,31258281,638996823,7121458,590,199
0,-1.325195,-22,198.830566
0,-0.879395,-11,198.083496
1,6389816068,1445792,31258415,638996691,7121512,591,198
0,-1.254883,-21,197.973633
0,-1.234375,-27,196.787109
1,6389816207,1445792,31258547,638996539,7121565,592,196
0,-1.135254,-17,196.567383
0,-1.237305,-27,195.446777
1,6389816345,1445792,31258698,638996394,7121625,593,195
0,-1.155762,-7,195.161133
0,-1.177246,-21,194.018555
1,6389815969,1445792,31258321,638996774,7121474,594,194
0,-0.937500,-16,193.842773
0,-1.052246,-28,192.260742
1,6389816116,1445792,31258467,638996601,7121532,595,192
0,-0.886230,-23,191.909180
0,-0.769531,-19,190.590820
1,6389816255,1445792,31258596,638996499,7121584,596,190
0,-0.850098,-25,190.415039
0,-0.726562,-4,189.096680
1,6389816397,1445792,31258732,638996888,7121649,597,189
0,-0.641602,-26,188.854980
0,-0.666992,-15,187.163086
1,6389816019,1445792,31258377,638996750,7121497,598,187
0,-0.827637,-8,186.723633
0,-0.643555,1,185.185547
1,6389816122,1445792,31258497,638996638,7121545,599,185
0,-0.608398,-13,184.812012
0,-0.694336,-11,183.537598
1,6389816282,1445792,31258609,638996504,7121590,600,183
0,-0.559570,-25,183.164062
0,-0.709961,-1,181.977539
1,6389816391,1445792,31258721,638996901,7121645,601,181
0,-0.307129,9,181.801758
0,-0.429688,5,180.725098
1,6389815972,1445792,31258311,638996793,7121470,602,180
0,-0.557617,2,180.571289
0,-0.404297,-21,179.560547
1,6389816093,1445792,31258460,638996669,7121530,603,179
0,-0.421875,6,179.296875
0,0.062012,-13,178.088379
1,6389816191,1445792,31258552,638996563,7121567,604,178
0,0.015625,-29,177.714844
0,0.015625,-11,176.813965
1,6389816334,1445792,31258669,638996445,7121614,605,176
0,-0.150879,-11,176.594238
0,-0.218262,-13,176.616211
1,18446742980587739762,1445792,31258233,638996858,26,606,176
0,-0.456055,-11,176.440430
0,-0.083496,4,176.616211
1,6389816034,1445792,31258380,638996761,7121498,607,176
0,-0.085449,-24,176.638184
0,-0.353027,-6,176.374512
1,6389816149,1445792,31258460,638996641,7121530,608,176
0,-0.304199,-19,176.396484
0,-0.392578,-10,176.418457
1,6389816247,1445792,31258578,638996521,7121577,609,176
0,-0.400391,-1,176.330566
0,-0.101074,-1,176.066895
1,6389816320,1445792,31258671,638996452,7121615,610,176
0,-0.233887,1,176.022949
0,-0.119629,-20,175.781250
1,6389815911,1445792,31258270,638996840,7121454,611,175
0,-0.231934,-13,175.759277
0,-0.220215,-13,175.803223
1,6389816044,1445792,31258378,638996719,7121497,612,175
0,-0.213379,-23,175.825195
0,-0.313965,-14,175.583496
1,6389816150,1445792,31258477,638996634,7121537,613,175
0,-0.065918,1,175.759277
0,-0.328613,7,175.913086
1,6389816230,1445792,31258593,638996550,7121584,614,175
0,-0.097168,-6,176.022949
0,-0.369629,7,176.594238
1,6389816356,1445792,31258701,638996957,7121637,615,176
0,-0.015625,-1,176.770020
0,0.039062,-10,177.846680
1,6389815928,1445792,31258279,638996843,7121458,616,177
0,-0.480469,-11,178.044434
0,-0.318848,1,179.846191
1,6389816034,1445792,31258376,638996771,7121497,617,179
0,-0.397461,-27,180.285645
0,-0.429688,-16,181.889648
1,6389816133,1445792,31258431,638996662,7121518,618,181
0,-0.862793,-13,182.197266
0,-0.867676,1,183.208008
1,6389816232,1445792,31258567,638996571,7121573,619,183
0,-0.611328,-7,183.361816
0,-0.655273,-9,184.592285
1,6389816318,1445792,31258622,638996488,7121595,620,184
0,-0.724609,-18,184.833984
0,-0.717773,-17,185.866699
1,6389815899,1445792,31258218,638996905,7121433,621,185
0,-0.761719,-7,186.218262
0,-0.791016,-9,187.756348
1,6389815960,1445792,31258276,638996829,7121456,622,187
0,-0.542969,-22,187.998047
0,-0.924805,-27,188.876953
1,6389816091,1445792,31258370,638996720,7121493,623,188
0,-0.909668,-23,188.942871
0,-0.824707,-19,189.294434
1,6389816153,1445792,31258480,638996641,7121538,624,189
0,-0.757812,-20,189.514160
0,-0.862793,-26,189.997559
1,6389816270,1445792,31258544,638996546,7121563,625,189
0,-0.886230,-26,190.261230
0,-0.948242,-16,190.942383
1,6389816339,1445792,31258666,638996458,7121613,626,190
0,-1.068848,-15,191.096191
0,-1.204590,-18,191.997070
1,6389815916,1445792,31258224,638996842,7121434,627,191
0,-1.087402,-15,192.172852
0,-0.803711,-27,193.491211
1,6389816035,1445792,31258325,638996780,7121476,628,193
0,-0.998047,-13,193.798828
0,-1.320312,-14,195.161133
1,6389816089,1445792,31258414,638996712,7121512,629,195
0,-1.152832,-11,195.227051
0,-0.995117,-13,196.281738
1,6389816156,1445792,31258458,638996646,7121529,630,196
0,-0.848145,-13,196.611328
0,-1.187012,-13,197.622070
1,6389816225,1445792,31258533,638996592,7121559,631,197
0,-1.280273,-12,197.841797
0,-1.386719,-14,199.357910
1,6389816293,1445792,31258591,638996517,7121582,632,199
0,-1.182129,-12,199.533691
0,-1.489746,-20,201.599121
1,6389816355,1445792,31258653,638996462,7121607,633,201
0,-1.476074,-14,201.994629
0,-1.248047,-24,203.422852
1,6389815896,1445792,31258224,638996908,7121436,634,203
0,-1.474121,-6,203.774414
0,-1.660156,-16,204.807129
1,6389815961,1445792,31258276,638996839,7121456,635,204
0,-1.288086,-10,204.960938
0,-1.529785,-9,206.433105
1,6389816031,1445792,31258328,638996766,7121477,636,206
0,-1.651367,-21,206.564941
0,-1.382812,-5,207.817383
1,6389816082,1445792,31258393,638996760,7121504,637,207
0,-1.573730,-8,208.146973
0,-1.580566,-8,209.816895
1,6389816112,1445792,31258403,638996713,7121507,638,209
0,-1.858887,-12,210.212402
0,-1.818848,-6,211.267090
1,6389816184,1445792,31258459,638996647,7121530,639,211
0,-1.543457,-12,211.838379
0,-1.860840,-1,213.574219
1,6389816196,1445792,31258506,638996628,7121549,640,213
0,-1.714844,-9,214.035645
0,-1.925293,-7,215.090332
1,6389816277,1445792,31258575,638996535,7121576,641,215
0,-1.691406,-2,215.529785
0,-1.670898,-4,216.716309
1,6389816335,1445792,31258608,638996506,7121589,642,216
0,-1.823730,-2,217.045898
0,-1.790527,-3,218.474121
1,6389816353,1445792,31258673,638996451,7121616,643,218
0,-1.849121,0,218.825684
0,-2.060547,5,220.495605
1,6389815903,1445792,31258208,638996916,7121429,644,220
0,-2.241699,5,221.044922
0,-2.437012,-2,223.154297
1,6389815948,1445792,31258263,638996879,7121452,645,223
0,-2.264160,8,223.571777
0,-2.272949,8,225.197754
1,6389815982,1445792,31258300,638996839,7121466,646,225
0,-2.355469,9,225.703125
0,-2.535156,13,227.219238
1,6389816032,1445792,31258338,638996804,7121482,647,227
0,-2.464355,8,227.526855
0,-2.611328,13,228.317871
1,6389816062,1445792,31258384,638996775,7121500,648,228
0,-2.495117,9,228.559570
0,-2.749023,12,228.955078
1,6389816093,1445792,31258406,638996735,7121509,649,228
0,-2.468262,25,229.306641
0,-2.807617,8,230.141602
1,6389816116,1445792,31258444,638996705,7121524,650,230
0,-2.613281,10,230.493164
0,-2.969238,14,231.306152
1,6389816163,1445792,31258459,638996690,7121530,651,231
0,-2.766602,20,231.569824
0,-2.917480,20,233.151855
1,6389816165,1445792,31258471,638996682,7121535,652,233
0,-2.553711,37,233.503418
0,-2.682617,27,235.305176
1,6389816167,1445792,31258479,638996681,7121538,653,235
0,-2.956543,25,235.832520
0,-2.742188,14,238.095703
1,6389816185,1445792,31258492,638996659,7121544,654,238
0,-2.715820,19,238.535156
0,-2.659180,17,238.183594
1,6389816181,1445792,31258490,638996660,7121543,655,238
0,-2.921387,16,237.810059
0,-2.595703,3,237.194824
1,6389816203,1445792,31258501,638996647,7121547,656,237
0,-2.569336,11,237.084961
0,-2.749023,15,236.975098
1,6389816211,1445792,31258506,638996650,7121549,657,236
0,-2.659180,41,236.799316
0,-2.557617,31,234.953613
1,6389816186,1445792,31258500,638996674,7121547,658,234
0,-2.626953,25,234.667969
0,-2.569336,26,234.052734
1,6389816189,1445792,31258477,638996674,7121538,659,234
0,-2.422363,22,234.755859
0,-2.569336,15,236.250000
1,6389816170,1445792,31258472,638996697,7121536,660,236
0,-2.491211,46,236.184082
0,-2.630859,38,237.128906
1,6389816162,1445792,31258455,638996714,7121529,661,237
0,-2.700195,27,237.744141
0,-2.646484,22,239.172363
1,6389816156,1445792,31258438,638996747,7121522,662,239
0,-2.359375,30,239.831543
0,-2.430176,34,241.677246
1,6389816104,1445792,31258395,638996776,7121505,663,241
0,-2.822266,28,242.292480
0,-2.539062,39,243.698730
1,6389816091,1445792,31258339,638996826,7121482,664,243
0,-2.572266,42,244.248047
0,-2.779297,20,245.390625
1,6389816023,1445792,31258286,638996889,7121461,665,245
0,-2.767578,48,245.917969
0,-2.963379,18,246.840820
1,6389815965,1445792,31258222,638996948,7121435,666,246
0,-2.772461,9,247.214355
0,-2.786133,27,248.466797
1,6389815912,1445792,31258153,638996505,7121398,667,248
0,-2.626953,15,248.730469
0,-3.079590,35,250.224609
1,6389816361,1445792,31258617,638996567,7121595,668,250
0,-2.870605,13,250.576172
0,-2.892090,26,251.696777
1,6389816303,1445792,31258561,638996619,7121572,669,251
0,-3.098633,19,251.850586
0,-2.659180,29,252.553711
1,6389816232,1445792,31258493,638996695,7121545,670,252
0,-2.983887,19,252.795410
0,2.957520,15,253.894043
1,6389816163,1445792,31258420,638996744,7121515,671,253
0,-2.921387,20,254.113770
0,-2.892090,23,255.102539
1,6389816099,1445792,31258361,638996819,7121491,672,255
0,-2.949707,50,255.454102
0,-2.698242,11,256.618652
1,6389816033,1445792,31258272,638996893,7121455,673,256
0,-3.010254,48,256.750488
0,-2.819336,34,257.849121
1,6389815959,1445792,31258202,638996964,7121428,674,257
0,-2.862793,17,257.915039
0,-2.973145,24,259.123535
1,6389816389,1445792,31258618,638996564,7121595,675,259
0,-3.012207,8,259.409180
0,-3.012207,0,260.024414
1,6389816293,1445792,31258521,638996639,7121555,676,260
0,-3.023926,23,259.958496
0,-3.133789,10,260.595703
1,6389816177,1445792,31258418,638996756,7121514,677,260
0,-3.008301,41,260.771484
0,-2.839844,18,261.123047
1,6389816093,1445792,31258317,638996860,7121474,678,261
0,-3.094727,15,261.298828
0,-3.004395,45,262.023926
1,6389815977,1445792,31258210,638996962,7121431,679,262
0,-2.868652,17,262.419434
0,-2.924316,10,263.034668
1,6389816389,1445792,31258606,638996554,7121589,680,263
0,-2.925293,12,262.946777
0,-2.919434,-2,264.111328
1,6389816290,1445792,31258512,638996643,7121551,681,264
0,-2.792969,12,264.462891
0,-3.027832,38,266.176758
1,6389816179,1445792,31258397,638996767,7121506,682,266
0,-2.927246,-3,266.550293
0,-2.886230,-3,267.670898
1,6389816077,1445792,31258271,638996886,7121455,683,267
0,-2.865723,0,267.802734
0,-2.924316,-1,269.011230
1,6389815957,1445792,31258162,638996489,7121401,684,269
0,-2.983887,0,269.428711
0,-2.890137,-5,271.384277
1,6389816359,1445792,31258553,638996594,7121568,685,271
0,-2.868652,-13,271.647949
0,-2.912598,-23,273.076172
1,6389816244,1445792,31258429,638996709,7121518,686,273
0,-2.870605,-14,273.186035
0,-2.725586,-22,273.098145
1,6389816120,1445792,31258290,638996846,7121462,687,273
0,-2.772461,-9,273.273926
0,-2.750000,28,273.933105
1,6389815979,1445792,31258151,638996490,7121397,688,273
0,-2.830078,-6,274.218750
0,-2.618164,23,275.493164
1,6389816350,1445792,31258535,638996624,7121561,689,275
0,-2.849121,-8,275.822754
0,-2.363281,-8,277.053223
1,6389816213,1445792,31258393,638996760,7121504,690,277
0,-2.583008,-23,277.185059
0,-2.741211,-15,278.107910
1,6389816083,1445792,31258250,638996894,7121446,691,278
0,-2.699219,-16,278.173828
0,-2.535156,-15,279.030762
1,6389815930,1445792,31258095,638996545,7121374,692,279
0,-2.615234,-18,279.316406
0,-2.817383,-10,280.173340
1,6389816292,1445792,31258451,638996703,7121527,693,280
0,-2.520508,10,280.480957
0,-2.656250,-4,281.535645
1,6389816122,1445792,31258277,638996885,7121457,694,281
0,-2.663086,-15,281.733398
0,-2.437988,-13,282.436523
1,6389815960,1445792,31258107,638996523,7121378,695,282
0,-2.656250,11,282.678223
0,-2.651367,-4,283.403320
1,6389816300,1445792,31258460,638996697,7121531,696,283
0,-2.541992,-19,283.579102
0,-2.534180,-12,284.282227
1,6389816141,1445792,31258289,638996864,7121462,697,284
0,-2.229980,-8,284.436035
0,-2.271973,1,284.787598
1,6389815969,1445792,31258126,638996514,7121386,698,284
0,-2.664062,0,284.985352
0,-2.221191,-12,285.534668
1,6389816309,1445792,31258458,638996696,7121530,699,285
0,-2.395020,2,285.578613
0,-2.333008,9,286.105957
1,6389816143,1445792,31258279,638996872,7121458,700,286
0,-2.291504,5,286.303711
0,-2.297363,12,286.896973
1,6389815960,1445792,31258092,638996545,7121373,701,286
0,-2.308594,-12,287.050781
0,-2.483398,7,288.083496
1,6389816283,1445792,31258409,638996738,7121510,702,288
0,-2.315430,-17,288.479004
0,-2.044922,-10,290.017090
1,6389816082,1445792,31258208,638996955,7121429,703,290
0,-2.363281,3,290.280762
0,-1.981445,-14,291.203613
1,6389816397,1445792,31258519,638996643,7121554,704,291
0,-1.764160,-9,291.555176
0,-2.174316,0,292.697754
1,6389816170,1445792,31258302,638996843,7121467,705,292
0,-2.015625,-15,293.005371
0,-2.044922,-5,293.840332
1,6389815980,1445792,31258090,638996571,7121372,706,293
0,-1.898926,-2,294.213867
0,-2.023438,-12,295.356445
1,6389816276,1445792,31258378,638996767,7121497,707,295
0,-1.734863,-4,295.554199
0,-2.253418,-10,296.411133
1,6389816032,1445792,31258145,638996478,7121394,708,296
0,-1.859863,-11,296.608887
0,-1.745605,-7,298.256836
1,6389816342,1445792,31258435,638996709,7121520,709,298
0,-1.640625,-7,298.674316
0,-1.936523,-5,300.805664
1,6389816079,1445792,31258202,638996964,7121427,710,300
0,-1.768066,-6,301.223145
0,-1.428711,-7,303.508301
1,6389816358,1445792,31258460,638996692,7121530,711,303
0,-1.730469,0,303.925781
0,-1.813965,-10,305.441895
1,6389816120,1445792,31258248,638996897,7121445,712,305
0,-1.337891,-16,305.639648
0,-1.694336,-4,306.540527
1,6389815902,1445792,31258003,638996647,7121337,713,306
0,-1.764160,-9,306.804199
0,-1.334961,-14,307.990723
1,6389816167,1445792,31258273,638996879,7121455,714,307
0,-1.489746,-8,308.320312
0,-1.323242,-15,309.462891
1,6389815934,1445792,31258028,638996609,7121347,715,309
0,-1.589355,-12,309.704590
0,-1.528809,-14,310.803223
1,6389816205,1445792,31258294,638996856,7121464,716,310
0,-1.555176,-7,311.000977
0,-1.303711,-7,311.989746
1,6389815945,1445792,31258039,638996601,7121352,717,311
0,-1.593262,-3,312.187500
0,-1.569824,0,313.286133
1,6389816192,1445792,31258298,638996855,7121465,718,313
0,-1.363281,-7,313.527832
0,-1.482910,6,314.296875
1,6389815952,1445792,31258023,638996613,7121344,719,314
0,-1.300781,4,314.560547
0,-1.430664,-15,315.417480
1,6389816202,1445792,31258274,638996867,7121455,720,315
0,-1.481934,-13,315.703125
0,-1.528809,1,316.955566
1,6389815933,1445792,31258018,638996621,7121343,721,316
0,-1.014648,-3,318.845215
0,-1.266602,5,320.515137
1,6389816025,1445792,31258118,638996521,7121383,722,320
0,-0.309082,2,334.423828
0,-0.169434,1,335.588379
1,6389815994,1445792,31258310,638996944,7121473,723,335
0,-0.220215,1,335.874023
0,-0.128418,10,344.838867
0,0.069824,10,346.091309
1,6389815911,1445792,31258273,638996914,7121456,724,346
0,0.204590,8,353.144531
0,0.201660,20,354.572754
1,6389816161,1445792,31258632,638996542,7121600,725,354
0,-0.042969,29,354.682617
0,-0.072754,20,357.626953
0,-0.073730,9,357.714844
1,6389816063,1445792,31258590,638996584,7121584,726,357
0,-0.046875,17,357.583008
0,0.312988,20,357.868652
1,6389816329,1445792,31258842,638996851,7121695,727,357
0,0.181152,18,358.044434
0,0.135254,15,357.758789
1,6389816068,1445792,31258586,638996589,7121582,728,357
0,0.140137,19,357.802734
0,0.035156,6,354.594727
1,6389816327,1445792,31258833,638996837,7121691,729,354
0,0.113770,10,352.990723
0,-0.065918,11,349.892578
1,6389816073,1445792,31258585,638996588,7121582,730,349
0,0.097168,24,349.013672
0,0.039062,17,345.344238
1,6389816311,1445792,31258842,638996832,7121695,731,345
0,-0.097168,12,344.421387
0,-0.062012,10,342.246094
1,6389816076,1445792,31258585,638996593,7121582,732,342
0,-0.023438,14,342.399902
0,-0.072754,16,345.168457
1,6389816306,1445792,31258801,638996869,7121678,733,345
0,-0.136230,9,345.959473
0,-0.116699,7,349.738770
1,6389816037,1445792,31258527,638996641,7121558,734,349
0,0.019531,15,350.859375
0,0.235840,26,355.583496
1,6389816262,1445792,31258766,638996940,7121665,735,355
0,0.088379,10,356.572266
0,0.147949,14,359.450684
1,6389815970,1445792,31258458,638996714,7121531,736,359
0,0.108887,18,359.956055
0,-0.193848,11,0.922852
1,6389816182,1445792,31258666,638996503,7121614,737,0
0,0.228027,17,0.878906
0,0.231934,27,357.209473
1,6389816399,1445792,31258901,638996815,7121719,738,357
0,-0.154785,14,354.880371
0,-0.026367,12,346.091309
1,6389816100,1445792,31258591,638996586,7121584,739,346
0,0.022461,2,346.882324
0,0.027344,3,346.838379
1,6389816169,1445792,31258613,638996571,7121593,740,346
0,-0.064941,11,346.904297
0,-0.123535,8,346.970215
1,6389816317,1445792,31258782,638996944,7121672,741,346
0,-0.123535,5,346.882324
0,0.018555,6,346.882324
1,6389815955,1445792,31258400,638996780,7121507,742,346
0,-0.112793,19,346.882324
0,-0.228027,7,346.904297
1,6389816122,1445792,31258584,638996608,7121582,743,346
0,-0.069824,24,346.904297
0,-0.151855,16,346.926270
1,6389816292,1445792,31258756,638996948,7121661,744,346
0,-0.132324,18,346.992188
0,-0.143066,2,346.860352
1,6389815944,1445792,31258408,638996775,7121511,745,346
0,-0.132324,-1,346.970215
0,0.119629,9,346.904297
1,6389816117,1445792,31258560,638996620,7121572,746,346
0,0.011719,11,346.926270
0,-0.235840,5,346.970215
1,6389816274,1445792,31258727,638996969,7121649,747,346
0,-0.110840,8,346.970215
0,0.112793,25,346.948242
1,6389815918,1445792,31258394,638996816,7121506,748,346
0,0.194824,-9,346.882324
0,-0.125488,12,346.904297
1,6389816082,1445792,31258516,638996690,7121555,749,346
0,0.045898,3,346.970215
0,0.128418,-3,346.948242
1,6389816214,1445792,31258642,638996549,7121604,750,346
0,-0.011719,15,347.014160
0,-0.003906,6,347.014160
1,6389816348,1445792,31258760,638996943,7121662,751,347
0,0.080566,10,347.014160
0,-0.144043,14,346.970215
1,6389815940,1445792,31258352,638996830,7121488,752,346
0,-0.356934,14,346.970215
0,-0.136230,10,347.058105
1,6389816040,1445792,31258444,638996735,7121525,753,347
0,-0.148926,18,347.036133
0,-0.218262,19,346.992188
1,6389816135,1445792,31258535,638996645,7121562,754,346
0,-0.312988,1,347.014160
0,-0.023438,4,346.992188
1,6389816233,1445792,31258618,638996570,7121595,755,346
0,-0.084473,18,347.014160
0,0.093262,22,347.058105
1,6389816302,1445792,31258713,638997003,7121644,756,347
0,-0.283691,17,346.970215
0,-0.123535,6,347.080078
1,6389816371,1445792,31258743,638996951,7121655,757,347
0,-0.084473,20,346.970215
0,0.131348,19,347.102051
1,6389815913,1445792,31258267,638996918,7121454,758,347
0,-0.226074,25,347.058105
0,-0.062012,6,347.102051
1,6389815932,1445792,31258293,638996908,7121465,759,347
0,-0.019531,6,347.080078
0,-0.208496,22,347.080078
1,6389815963,1445792,31258295,638996888,7121465,760,347
0,-0.045898,23,347.124023
0,0.093262,9,347.080078
1,6389815975,1445792,31258301,638996878,7121467,761,347
0,0.077637,1,347.124023
0,-0.362793,2,347.124023
1,6389815975,1445792,31258280,638996887,7121459,762,347
0,-0.120605,19,347.080078
0,0.039062,23,347.145996
1,6389815979,1445792,31258315,638996873,7121473,763,347
0,0.015625,5,347.124023
0,-0.111816,22,347.211914
1,6389815981,1445792,31258327,638996887,7121479,764,347
0,-0.301270,4,347.145996
0,-0.097168,21,347.255859
1,6389815969,1445792,31258295,638996897,7121465,765,347
0,-0.073730,4,347.189941
0,-0.019531,-2,347.233887
1,6389815959,1445792,31258271,638996907,7121455,766,347
0,0.112793,5,347.145996
0,-0.325684,18,347.189941
1,6389815938,1445792,31258252,638996964,7121449,767,347
0,-0.007812,4,347.189941
0,0.045898,25,347.211914
1,6389816403,1445792,31258700,638997012,7121638,768,347
0,-0.201660,3,347.189941
0,0.042969,22,347.211914
1,6389816351,1445792,31258635,638996558,7121602,769,347
0,-0.150879,5,347.233887
0,0.046875,2,347.211914
1,6389816284,1445792,31258577,638996633,7121579,770,347
