0,-2.602539,118,0.747070
0,-2.604492,119,0.834961
1,6389815960,1445792,31260804,638995836,7122506,0,0
0,-2.495117,101,0.747070
0,-2.702148,108,0.703125
1,6389816139,1445792,31260964,638995666,7122569,1,0
0,-2.602539,105,0.834961
0,-2.643555,99,0.747070
1,6389816384,1445792,31261226,638995405,7122675,2,0
0,-2.557617,115,0.856934
0,-2.762695,114,0.769043
1,6389816291,1445792,31261126,638995522,7122635,3,0
0,-2.659180,117,0.922852
0,-2.530273,109,0.878906
1,6389816183,1445792,31261011,638995640,7122589,4,0
0,-2.665039,100,0.659180
0,-2.491211,101,0.900879
1,6389815999,1445792,31260786,638995856,7122498,5,0
0,0.007812,-65,0.703125
0,-2.488281,109,0.878906
1,6389816164,1445792,31260748,638995903,7122483,6,0
0,-2.626953,109,0.769043
0,-2.520508,96,0.747070
1,6389815928,1445792,31260689,638995428,7122449,7,0
0,-2.378906,116,0.856934
0,-2.711914,113,0.703125
1,6389816379,1445792,31261113,638995536,7122629,8,0
0,-2.743164,134,0.812988
0,-2.937988,106,0.812988
1,6389815932,1445792,31260653,638995478,7122435,9,0
0,-2.476074,106,0.878906
0,-2.500977,108,0.834961
1,6389816323,1445792,31261017,638995643,7122591,10,0
0,-2.702148,109,0.747070
0,-2.776367,101,0.812988
1,6389816000,1445792,31260669,638995471,7122441,11,0
0,-2.483398,96,0.878906
0,-2.561523,118,0.878906
1,6389816000,1445792,31260647,638995514,7122432,12,0
0,-2.492188,121,0.769043
0,-2.479492,102,0.769043
1,6389816128,1445792,31260765,638995890,7122490,13,0
0,-2.760742,107,0.812988
0,-2.422363,113,0.812988
1,6389816177,1445792,31260782,638995886,7122497,14,0
0,-2.637695,107,0.791016
0,-2.418457,111,0.812988
1,6389816262,1445792,31260841,638995821,7122520,15,0
0,-2.643555,101,0.769043
0,-2.694336,105,0.769043
1,6389816064,1445792,31260626,638995535,7122424,16,0
0,-2.623047,109,0.725098
0,-2.481934,124,0.725098
1,6389816368,1445792,31260897,638995774,7122542,17,0
0,-2.469238,116,0.812988
0,-2.473145,109,0.878906
1,6389816139,1445792,31260662,638995495,7122438,18,0
0,-2.760742,106,0.791016
0,-2.795898,97,0.791016
1,6389816238,1445792,31260739,638995409,7122469,19,0
0,-2.634766,119,0.791016
0,-2.626953,119,0.769043
1,6389816310,1445792,31260794,638995883,7122502,20,0
0,-2.473145,106,0.791016
0,-2.572266,100,0.791016
1,6389816365,1445792,31260819,638995852,7122511,21,0
0,-2.772461,113,0.747070
0,-2.680664,101,0.812988
1,6389816256,1445792,31260690,638995463,7122449,22,0
0,-2.708008,105,0.834961
0,-2.244629,112,0.856934
1,6389816174,1445792,31260580,638995582,7122405,23,0
0,-2.611328,108,0.900879
0,-2.645508,114,0.791016
1,6389816154,1445792,31260547,638995632,7122393,24,0
0,-2.487305,116,0.747070
0,-2.751953,101,0.769043
1,6389815899,1445792,31260259,638995900,7122276,25,0
0,-2.774414,107,0.769043
0,-2.518555,105,0.812988
1,6389816302,1445792,31260643,638995517,7122431,26,0
0,-2.659180,112,0.812988
0,-2.656250,96,0.791016
1,6389816003,1445792,31260320,638995846,7122301,27,0
0,-2.445801,107,0.812988
0,-2.378906,110,0.834961
1,6389816012,1445792,31260309,638995863,7122297,28,0
0,-2.713867,106,0.769043
0,-2.480469,102,0.725098
1,6389816311,1445792,31260596,638995584,7122412,29,0
0,-2.754883,117,0.725098
0,-2.591797,118,0.747070
1,6389816262,1445792,31260535,638995654,7122387,30,0
0,-2.386719,104,0.856934
0,-2.510742,109,0.812988
1,6389816003,1445792,31260251,638995930,7122273,31,0
0,-2.715820,106,0.791016
0,-2.342773,121,0.856934
1,6389816399,1445792,31260641,638995547,7122430,32,0
0,0.046875,-29,0.747070
0,-2.391113,131,0.791016
1,6389816293,1445792,31260361,638995844,7122318,33,0
0,-2.682617,112,0.681152
0,-2.659180,112,0.659180
1,6389816156,1445792,31260364,638995829,7122319,34,0
0,-2.316406,113,0.747070
0,-2.478027,129,0.834961
1,6389816166,1445792,31260362,638995836,7122318,35,0
0,-2.597656,110,0.725098
0,-2.633789,122,0.856934
1,6389816201,1445792,31260375,638995831,7122324,36,0
0,-2.503906,128,0.791016
0,-2.573242,133,0.791016
1,6389816198,1445792,31260377,638995823,7122324,37,0
0,-2.573242,111,0.856934
0,-2.665039,120,0.791016
1,6389816221,1445792,31260367,638995831,7122320,38,0
0,-2.801758,101,0.878906
0,-2.683594,111,0.834961
1,6389816317,1445792,31260423,638995779,7122342,39,0
0,-2.610352,114,0.769043
0,-2.426270,109,0.834961
1,6389816001,1445792,31260132,638995563,7122216,40,0
0,-2.660156,107,0.791016
0,-2.737305,119,0.812988
1,6389816062,1445792,31260175,638995531,7122233,41,0
0,-2.635742,103,0.878906
0,-2.558594,100,0.769043
1,6389816263,1445792,31260333,638995852,7122306,42,0
0,-2.662109,111,0.791016
0,-2.522461,118,0.900879
1,6389816236,1445792,31260317,638995891,7122300,43,0
0,-2.848145,103,0.791016
0,-3.000488,101,0.922852
1,6389816258,1445792,31260341,638995849,7122309,44,0
0,-1.982422,113,0.856934
0,-2.343750,110,0.725098
1,6389815908,1445792,31259996,638995699,7122161,45,0
0,-2.607422,127,0.834961
0,-2.590820,110,0.856934
1,6389816405,1445792,31260495,638995716,7122372,46,0
0,-2.389648,106,0.791016
0,-2.402832,113,0.791016
1,6389816203,1445792,31260250,638995945,7122273,47,0
0,-2.755859,93,0.812988
0,-2.138184,177,0.834961
1,6389816161,1445792,31260170,638995598,7122232,48,0
0,0.034180,-57,0.856934
0,-0.076660,-35,0.725098
1,6389816033,1445792,31259863,638995683,7122105,49,0
0,0.241699,-38,0.856934
0,-0.733398,-27,0.747070
1,6389815894,1445792,31259734,638995824,7122053,50,0
0,-0.193848,-56,0.791016
0,-0.290527,-26,0.834961
1,6389816106,1445792,31259927,638995614,7122130,51,0
0,-0.244629,-49,0.834961
0,2.052734,52,0.681152
0,2.668945,75,0.834961
1,6389816375,1445792,31260247,638995937,7122271,52,0
0,2.595703,95,0.856934
0,2.643555,83,0.527344
1,6389816038,1445792,31259935,638995747,7122136,53,0
0,2.351562,83,0.417480
0,2.809570,73,0.944824
1,6389816056,1445792,31259938,638995738,7122137,54,0
0,2.557617,82,1.164551
0,2.719727,92,1.252441
1,6389816210,1445792,31260078,638995604,7122194,55,1
0,2.643555,78,1.669922
0,2.843262,61,2.834473
1,6389816373,1445792,31260237,638995938,7122267,56,2
0,2.711914,68,3.076172
0,2.949707,85,3.229980
1,6389816230,1445792,31260066,638995611,7122188,57,3
0,2.631836,91,3.339844
0,3.051270,100,3.801270
1,6389816109,1445792,31259937,638995738,7122137,58,3
0,2.743164,52,4.152832
0,2.837891,60,5.515137
1,6389816123,1445792,31259916,638995741,7122128,59,5
0,2.857910,53,5.668945
0,2.774414,57,5.734863
1,6389816296,1445792,31260067,638995582,7122188,60,5
0,2.743164,57,5.734863
0,2.940918,53,6.723633
1,6389815946,1445792,31259721,638995421,7122040,61,6
0,2.905762,60,6.833496
0,2.401855,55,7.250977
1,6389816293,1445792,31260059,638995594,7122185,62,7
0,2.893066,59,7.580566
0,2.382812,40,9.008789
1,6389816099,1445792,31259855,638995783,7122103,63,9
0,2.821289,40,9.360352
0,2.774414,37,10.349121
1,6389815906,1445792,31259633,638995488,7122003,64,10
0,2.581055,45,10.502930
0,2.596680,41,12.744141
1,6389816179,1445792,31259913,638995734,7122126,65,12
0,2.662109,34,13.271484
0,2.836426,24,15.183105
1,6389816293,1445792,31260001,638995620,7122161,66,15
0,2.737305,27,15.556641
0,2.730469,23,17.138672
1,6389816314,1445792,31259997,638995621,7122159,67,17
0,2.684570,32,17.358398
0,2.715820,28,19.116211
1,6389815990,1445792,31259672,638995438,7122019,68,19
0,2.922363,31,19.467773
0,2.911621,33,20.192871
1,6389816268,1445792,31259932,638995691,7122133,69,20
0,2.840332,32,20.478516
0,2.711914,28,21.071777
1,6389816225,1445792,31259911,638995724,7122125,70,21
0,2.772461,20,21.467285
0,2.754883,10,22.829590
1,6389816204,1445792,31259853,638995757,7122101,71,22
0,2.851074,18,23.115234
0,3.015137,31,24.082031
1,6389816100,1445792,31259741,638995870,7122057,72,24
0,3.113770,28,24.411621
0,3.009277,27,25.861816
1,6389816041,1445792,31259680,638995417,7122022,73,25
0,2.941895,23,26.257324
0,3.027832,23,28.278809
1,6389816193,1445792,31259775,638995804,7122069,74,28
0,3.017090,29,28.652344
0,3.013184,21,30.388184
1,6389815902,1445792,31259458,638995613,7121932,75,30
0,-3.086426,27,30.651855
0,-2.979980,22,31.904297
1,6389816378,1445792,31259936,18446742974836919451,41,76,31
0,-3.114258,20,32.299805
0,-2.836914,11,33.288574
1,6389816039,1445792,31259615,638995438,7121994,77,33
0,-2.964355,10,33.530273
0,-2.925293,8,34.650879
1,6389816208,1445792,31259756,638995801,7122061,78,34
0,-2.822266,27,35.266113
0,-2.900879,5,36.804199
1,6389816162,1445792,31259739,638995815,7122054,79,36
0,-2.733398,-2,37.067871
0,-2.654297,5,38.320312
1,6389816178,1445792,31259739,638995860,7122055,80,38
0,-2.874512,-4,38.583984
0,-2.650391,-9,39.594727
1,6389816334,1445792,31259867,638995700,7122106,81,39
0,-2.663086,-3,39.770508
0,-2.791992,-20,40.715332
1,6389816070,1445792,31259607,638995451,7121992,82,40
0,-2.510742,-10,40.825195
0,-2.324219,12,41.176758
1,6389816242,1445792,31259767,638995829,7122066,83,41
0,-2.731445,-11,41.154785
0,-2.510742,2,41.220703
1,6389815929,1445792,31259453,638995636,7121930,84,41
0,-2.433105,-8,40.979004
0,-2.371094,-9,40.935059
1,6389816048,1445792,31259551,638995508,7121969,85,40
0,-2.557617,2,40.825195
0,-2.321289,-10,41.198730
1,6389815927,1445792,31259421,638995639,7121917,86,41
0,-2.510742,-18,41.440430
0,-2.626953,-26,42.011719
1,6389816329,1445792,31259810,638995761,7122083,87,42
0,-2.606445,-25,42.121582
0,-2.602539,-19,42.319336
1,6389816134,1445792,31259624,638995457,7121999,88,42
0,-2.633789,-13,42.385254
0,-2.316406,-26,42.297363
1,6389816136,1445792,31259608,638995452,7121992,89,42
0,-2.425293,4,42.319336
0,-2.460449,-31,42.451172
1,6389815945,1445792,31259415,638995638,7121914,90,42
0,-2.469238,2,42.495117
0,-2.256348,9,42.341309
1,6389816279,1445792,31259736,638995875,7122054,91,42
0,-2.395020,1,42.253418
0,-2.394043,39,41.967773
1,6389816315,1445792,31259782,638995865,7122073,92,41
0,-2.320312,12,41.967773
0,-2.206543,-11,42.583008
1,6389816066,1445792,31259535,638995554,7121963,93,42
0,-2.484375,-4,42.758789
0,-2.382812,9,42.846680
1,6389816087,1445792,31259521,638995581,7121958,94,42
0,-2.179199,34,43.000488
0,-2.441895,-6,43.088379
1,6389815998,1445792,31259479,638995614,7121941,95,43
0,-2.304688,-8,43.066406
0,-2.248535,3,42.165527
1,6389816305,1445792,31259714,638995361,7122034,96,42
0,-2.033203,10,42.033691
0,-2.815430,-13,40.363770
1,6389816391,1445792,31259767,638995782,7122065,97,40
0,-2.666992,-1,39.946289
0,-2.492188,43,38.540039
1,6389815927,1445792,31259338,638995790,7121885,98,38
0,-2.595703,5,38.144531
0,-2.569336,1,39.309082
1,6389816164,1445792,31259552,638995506,7121969,99,39
0,-2.676758,2,39.902344
0,-2.358398,-13,41.220703
1,6389816405,1445792,31259769,638995792,7122066,100,41
0,-2.531250,5,41.308594
0,-2.646484,-17,41.704102
1,6389815912,1445792,31259260,638995790,7121852,101,41
0,-2.752930,-8,41.770020
0,-2.337891,-27,42.451172
1,6389816336,1445792,31259658,638995386,7122011,102,42
0,-2.464355,-11,42.890625
0,-2.495117,-23,44.736328
1,6389816208,1445792,31259517,638995528,7121955,103,44
0,-2.291504,-23,44.890137
0,-2.625977,-18,46.164551
1,6389816126,1445792,31259428,638995632,7121919,104,46
0,-2.298340,-30,46.186523
0,-2.095703,-10,46.472168
1,6389816013,1445792,31259321,638995752,7121877,105,46
0,-2.512695,-12,46.911621
0,-2.083984,-23,44.362793
1,6389815961,1445792,31259286,638995786,7121863,106,44
0,-2.641602,-21,43.945312
0,-2.308594,-20,45.505371
1,6389816133,1445792,31259407,638995650,7121911,107,45
0,-2.565430,-4,46.604004
0,-2.608398,-29,48.933105
1,6389816218,1445792,31259490,638995575,7121944,108,48
0,-2.157715,20,49.284668
0,-2.295410,-4,49.768066
1,6389816083,1445792,31259408,638995690,7121912,109,49
0,-2.109375,2,49.218750
0,-2.131348,-9,49.020996
1,6389816217,1445792,31259542,638995569,7121966,110,49
0,-2.356445,-20,49.394531
0,-1.883301,-45,52.207031
1,6389816345,1445792,31259614,638995474,7121994,111,52
0,-1.909668,-27,52.185059
0,-2.220215,-38,52.470703
1,6389816097,1445792,31259365,638995718,7121894,112,52
0,-2.200684,-10,52.822266
0,-2.150879,-15,54.250488
1,6389816145,1445792,31259418,638995686,7121916,113,54
0,-2.445801,-35,54.975586
0,-2.253418,-21,56.821289
1,6389816023,1445792,31259279,638995828,7121860,114,56
0,-2.444824,-21,57.392578
0,-2.563477,-43,58.842773
1,6389816376,1445792,31259612,638995458,7121993,115,58
0,-2.485352,1,59.150391
0,-2.094727,0,60.424805
1,6389816173,1445792,31259447,638995677,7121928,116,60
0,-2.393555,-23,60.886230
0,-2.495117,-33,62.006836
1,6389816212,1445792,31259481,638995620,7121941,117,62
0,-2.041016,-34,62.270508
0,-2.303711,-28,63.632812
1,6389816073,1445792,31259298,638995810,7121868,118,63
0,-2.527344,-34,64.182129
0,-2.202637,-29,65.720215
1,6389816402,1445792,31259615,638995494,7121995,119,65
0,-2.015625,-44,66.027832
0,-2.114258,-36,67.214355
1,6389816133,1445792,31259335,638995755,7121882,120,67
0,-2.414551,-40,67.390137
0,-2.538086,-39,68.027344
1,6389816393,1445792,31259605,638995502,7121991,121,68
0,-2.632812,-40,68.225098
0,-2.187988,-28,68.906250
1,6389816320,1445792,31259536,638995583,7121963,122,68
0,-2.134277,-8,69.082031
0,-2.399902,-33,70.092773
1,6389816218,1445792,31259433,638995663,7121922,123,70
0,-2.430176,-22,70.400391
0,-2.169434,-31,71.520996
1,6389816130,1445792,31259348,638995761,7121888,124,71
0,-2.506836,-27,71.740723
0,-2.217285,-28,72.751465
1,6389816131,1445792,31259338,638995773,7121884,125,72
0,-2.156738,-43,73.015137
0,-2.204590,-17,74.223633
1,6389816062,1445792,31259225,638995878,7121838,126,74
0,-2.651367,-13,74.553223
0,-2.265137,-15,75.476074
1,6389815919,1445792,31259105,638995495,7121780,127,75
0,-2.295410,-39,75.783691
0,-2.588867,-13,76.245117
1,6389816334,1445792,31259472,638995637,7121938,128,76
0,-2.263184,-24,76.289062
0,-2.441895,-38,76.904297
1,6389816062,1445792,31259238,638995840,7121843,129,76
0,-2.503906,-24,77.080078
0,-2.470215,-31,78.002930
1,6389816006,1445792,31259164,638995401,7121803,130,78
0,-2.555664,-12,78.288574
0,-2.115234,-33,78.881836
1,6389815900,1445792,31259052,638995508,7121758,131,78
0,-2.316406,-27,78.947754
0,-2.658203,-4,79.497070
1,6389816275,1445792,31259424,638995681,7121918,132,79
0,-2.702148,-35,79.672852
0,-2.272949,-33,80.441895
1,6389816140,1445792,31259244,638995828,7121845,133,80
0,-2.118652,-19,80.441895
0,-2.483398,-23,81.232910
1,6389815941,1445792,31259059,638995520,7121761,134,81
0,-2.407715,-20,81.364746
0,-2.334961,-27,82.441406
1,6389816268,1445792,31259378,638995708,7121899,135,82
0,-2.028320,-25,82.595215
0,-2.114746,-17,83.430176
1,6389816087,1445792,31259202,638995388,7121819,136,83
0,-2.684570,-10,83.627930
0,-1.887207,-33,84.243164
1,6389815894,1445792,31258980,638995580,7121729,137,84
0,-2.809570,-36,84.353027
0,-2.312500,-16,84.924316
1,6389816201,1445792,31259250,638995838,7121848,138,84
0,-2.499023,-31,85.034180
0,-2.524414,-4,85.649414
1,6389815947,1445792,31259036,638995553,7121752,139,85
0,-2.256348,-30,85.671387
0,-2.725586,-20,86.110840
1,6389816259,1445792,31259323,638995759,7121877,140,86
0,-2.387207,-19,86.352539
0,-2.522461,-15,86.770020
1,6389816017,1445792,31259070,638995521,7121766,141,86
0,-2.499023,-3,86.945801
0,-2.328125,-26,87.758789
1,6389816236,1445792,31259321,638995772,7121877,142,87
0,-2.449707,-11,87.802734
0,-2.745117,-16,88.483887
1,6389816066,1445792,31259139,638995453,7121794,143,88
0,-2.477051,-17,88.659668
0,-2.421387,-12,89.143066
1,6389816326,1445792,31259385,638995714,7121903,144,89
0,-2.252441,-18,89.318848
0,-2.510742,-13,89.780273
1,6389816061,1445792,31259133,638995482,7121792,145,89
0,-2.173340,-20,89.912109
0,-2.506836,-11,90.263672
1,6389816310,1445792,31259370,638995756,7121897,146,90
0,-2.534180,-8,90.351562
0,-2.367188,-18,91.054688
1,6389816022,1445792,31259100,638995507,7121778,147,91
0,-2.638672,-22,91.120605
0,-2.278809,-30,91.582031
1,6389816260,1445792,31259303,638995780,7121869,148,91
0,-2.364258,-21,91.713867
0,-2.479492,-22,92.416992
1,6389815978,1445792,31258975,638995599,7121727,149,92
0,-2.299316,-9,92.658691
0,-2.217285,-14,93.273926
1,6389816154,1445792,31259155,638995426,7121799,150,93
0,-2.661133,-10,93.339844
0,-2.611328,-7,94.262695
1,6389816302,1445792,31259315,638995800,7121874,151,94
0,-2.905762,0,94.548340
0,-2.595703,-4,95.581055
1,6389815960,1445792,31258981,638995622,7121730,152,95
0,-2.587891,-15,95.734863
0,-2.426270,-6,96.130371
1,6389816138,1445792,31259178,638995435,7121809,153,96
0,-2.872559,-21,96.262207
0,-2.669922,-7,96.679688
1,6389816329,1445792,31259354,638995793,7121891,154,96
0,-2.870605,-4,96.767578
0,-2.643555,-5,97.141113
1,6389815961,1445792,31258988,638995637,7121733,155,97
0,-2.810547,-15,97.075195
0,-2.554688,-4,97.712402
1,6389816122,1445792,31259140,638995492,7121795,156,97
0,-2.930176,-12,97.866211
0,-2.654297,-3,98.701172
1,6389816253,1445792,31259264,638995880,7121854,157,98
0,-2.919434,-15,98.876953
0,-2.834473,-20,99.909668
1,6389816377,1445792,31259391,638995760,7121905,158,99
0,-2.949707,-17,100.041504
0,-3.000488,-7,100.590820
1,6389816009,1445792,31258983,638995633,7121732,159,100
0,-2.483398,-9,100.744629
0,-2.743164,-7,101.381836
1,6389816118,1445792,31259111,638995511,7121783,160,101
0,-2.611328,-11,101.513672
0,-2.749023,-18,101.689453
1,6389816240,1445792,31259230,638995900,7121840,161,101
0,-2.937988,-3,101.645508
0,-2.969238,1,101.821289
1,6389816355,1445792,31259354,638995796,7121891,162,101
0,-3.006348,-1,101.953125
0,-3.125977,14,102.150879
1,6389815960,1445792,31258980,638995685,7121731,163,102
0,-2.929199,-6,102.216797
0,3.083496,-21,103.359375
1,6389816082,1445792,31259097,638995525,7121777,164,103
0,-2.813477,-1,103.820801
0,3.098145,5,104.523926
1,6389816190,1445792,31259183,638995448,7121812,165,104
0,-2.654297,-1,104.633789
0,-2.968262,-2,104.633789
1,6389816297,1445792,31259295,638995861,7121867,166,104
0,3.067871,6,104.699707
0,-2.890137,0,105.007324
1,6389816395,1445792,31259415,638995761,7121916,167,105
0,-2.977051,-1,104.985352
0,-3.019043,-7,105.798340
1,6389815975,1445792,31259002,638995661,7121740,168,105
0,-2.749023,4,105.930176
0,-2.901855,6,106.391602
1,6389816081,1445792,31259096,638995576,7121778,169,106
0,-3.086426,4,106.523438
0,-2.880371,20,106.984863
1,6389816161,1445792,31259150,638995535,7121799,170,106
0,-3.125977,-8,107.160645
0,-3.058105,3,107.644043
1,6389816238,1445792,31259199,638995460,7121819,171,107
0,3.141113,-14,107.841797
0,-3.137695,8,108.457031
1,6389816298,1445792,31259268,638995913,7121857,172,108
0,3.098145,10,108.632812
0,-2.920410,1,109.050293
1,6389816335,1445792,31259327,638995865,7121881,173,109
0,3.117676,19,109.226074
0,-2.886230,-1,109.577637
1,6389816384,1445792,31259379,638995795,7121901,174,109
0,3.054199,9,109.775391
0,3.012207,22,110.214844
1,6389815916,1445792,31258903,638995780,7121700,175,110
0,3.109863,4,110.236816
0,-3.085449,13,110.874023
1,6389816296,1445792,31259271,638995921,7121858,176,110
0,2.979004,10,111.115723
0,-2.835449,14,111.577148
1,6389816334,1445792,31259289,638995882,7121865,177,111
0,3.129395,5,111.730957
0,-3.098145,15,112.302246
1,6389816359,1445792,31259338,638995854,7121885,178,112
0,2.972168,10,112.521973
0,-3.031738,12,113.115234
1,6389816120,1445792,31259106,638995564,7121782,179,113
0,-3.007324,12,113.312988
0,2.953613,-15,113.620605
1,6389816214,1445792,31259188,638995450,7121814,180,113
0,2.932129,15,113.686523
0,3.032715,3,113.818359
1,6389816063,1445792,31259026,638995626,7121749,181,113
0,2.926270,-12,113.884277
0,2.941895,-15,114.257812
1,6389815934,1445792,31258864,638995781,7121684,182,114
0,-2.930176,20,114.411621
0,-3.133789,24,115.070801
1,6389815919,1445792,31258890,638995785,7121695,183,115
0,2.957520,15,115.268555
0,3.129395,22,115.598145
1,6389815953,1445792,31258913,638995758,7121704,184,115
0,3.020020,15,115.532227
0,2.762695,-2,115.971680
1,6389815970,1445792,31258928,638995710,7121710,185,115
0,3.015137,34,116.103516
0,2.833984,26,116.433105
1,6389815988,1445792,31258958,638995725,7121723,186,116
0,3.043457,2,116.564941
0,2.901855,25,117.399902
1,6389816028,1445792,31258969,638995709,7121727,187,117
0,2.825195,19,117.597656
0,2.854980,29,118.037109
1,6389816017,1445792,31258972,638995710,7121728,188,118
0,2.922363,6,118.190918
0,2.706055,2,118.696289
1,6389816039,1445792,31258981,638995666,7121731,189,118
0,2.654297,-4,118.894043
0,2.603516,1,119.399414
1,6389816068,1445792,31259007,638995646,7121741,190,119
0,2.963379,29,119.553223
0,2.545898,37,120.388184
1,6389815997,1445792,31258965,638995716,7121725,191,120
0,2.545898,0,120.563965
0,2.576172,4,121.289062
1,6389816374,1445792,31259306,638995865,7121871,192,121
0,2.522461,39,121.442871
0,2.545898,-9,121.926270
1,6389816173,1445792,31259124,638995521,7121788,193,121
0,2.630859,35,122.167969
0,2.659180,2,122.519531
1,6389815988,1445792,31258934,638995706,7121712,194,122
0,2.476074,27,122.607422
0,2.554688,32,122.980957
1,6389816332,1445792,31259273,638995917,7121859,195,122
0,2.207520,19,123.134766
0,2.483398,37,123.618164
1,6389816147,1445792,31259069,638995607,7121767,196,123
0,2.382812,33,123.684082
0,2.191895,1,124.497070
1,6389815932,1445792,31258862,638995764,7121683,197,124
0,2.163574,-1,125.002441
0,1.972656,37,125.903320
1,6389816265,1445792,31259152,638995535,7121800,198,125
0,2.195801,8,126.035156
0,2.507812,4,126.232910
1,6389816264,1445792,31259166,638995500,7121805,199,126
0,2.296875,7,126.298828
0,2.207520,31,126.540527
1,6389815945,1445792,31258846,638995843,7121678,200,126
0,2.148926,21,126.716309
0,1.854004,1,127.375488
1,6389816402,1445792,31259314,638995849,7121875,201,127
0,2.192871,-6,127.595215
0,2.328125,30,128.276367
1,6389816202,1445792,31259067,638995594,7121765,202,128
0,1.943359,28,128.605957
0,1.860840,27,129.440918
1,6389815938,1445792,31258840,638995841,7121675,203,129
0,1.813965,6,129.682617
0,1.966797,0,130.144043
1,6389816215,1445792,31259076,638995578,7121769,204,130
0,1.893066,28,130.275879
0,1.984375,1,130.671387
1,6389816131,1445792,31259022,638995635,7121747,205,130
0,1.761230,-2,130.781250
0,1.709961,3,131.396484
1,6389816109,1445792,31258975,638995683,7121729,206,131
0,1.792480,20,131.528320
0,1.655273,20,132.121582
1,6389816032,1445792,31258922,638995758,7121708,207,132
0,1.707031,1,132.341309
0,1.826660,1,132.780762
1,6389816299,1445792,31259160,638995501,7121803,208,132
0,1.934570,17,132.890625
0,1.644531,16,133.330078
1,6389816005,1445792,31258882,638995796,7121692,209,133
0,1.604980,-1,133.439941
0,1.619629,25,133.923340
1,6389815971,1445792,31258825,638995846,7121669,210,133
0,1.639648,20,134.077148
0,1.576660,11,134.846191
1,6389815909,1445792,31258782,638995876,7121651,211,134
0,1.623535,-6,134.956055
0,1.566895,15,135.461426
1,6389816387,1445792,31259225,638995937,7121839,212,135
0,1.549316,22,135.615234
0,1.290039,13,136.208496
1,6389816327,1445792,31259207,638995481,7121822,213,136
0,1.318359,11,136.318359
0,1.312500,10,136.867676
1,6389816023,1445792,31258862,638995783,7121683,214,136
0,1.373047,8,137.021484
0,1.389648,9,137.570801
1,6389816255,1445792,31259103,638995554,7121780,215,137
0,1.327148,7,137.724609
0,1.118652,5,138.647461
1,6389815902,1445792,31258761,638995892,7121643,216,138
0,1.264648,6,138.823242
0,1.056152,8,139.438477
1,6389816353,1445792,31259200,638995442,7121819,217,139
0,0.929688,5,139.614258
0,0.640625,6,140.009766
1,6389815980,1445792,31258827,638995821,7121669,218,140
0,1.091309,10,140.163574
0,1.154785,6,140.625000
1,6389816192,1445792,31259032,638995618,7121751,219,140
0,1.062988,5,140.778809
0,0.913574,13,141.196289
1,6389816118,1445792,31258970,638995688,7121727,220,141
0,1.170410,6,141.284180
0,0.637695,2,141.657715
1,6389816288,1445792,31259138,638995511,7121794,221,141
0,0.858887,10,141.767578
0,0.957031,2,142.207031
1,6389816208,1445792,31259048,638995595,7121758,222,142
0,1.064941,9,142.294922
0,0.966797,0,142.800293
1,6389816148,1445792,31258985,638995655,7121732,223,142
0,0.680664,9,142.998047
0,0.791992,2,143.767090
1,6389816279,1445792,31259126,638995515,7121789,224,143
0,0.944336,2,143.964844
0,0.932617,5,144.514160
1,6389815989,1445792,31258830,638995813,7121670,225,144
0,1.067871,2,144.645996
0,0.670898,-4,145.085449
1,6389816220,1445792,31259045,638995604,7121757,226,145
0,0.945312,0,145.239258
0,0.783203,0,145.788574
1,6389815929,1445792,31258763,638995876,7121643,227,145
0,0.615234,-3,145.986328
0,0.575195,3,146.579590
1,6389816154,1445792,31258972,638995674,7121727,228,146
0,0.300293,-8,146.777344
0,0.350098,9,147.414551
1,6389816383,1445792,31259174,638995467,7121808,229,147
0,0.267090,-3,147.546387
0,0.608398,13,148.029785
1,6389816288,1445792,31259092,638995560,7121775,230,148
0,0.404297,-9,148.051758
0,0.280762,-4,148.447266
1,6389816171,1445792,31258991,638995651,7121734,231,148
0,0.080566,-9,148.645020
0,0.204590,1,149.414062
1,6389816113,1445792,31258881,638995752,7121691,232,149
0,0.673828,-2,149.589844
0,0.354004,4,150.007324
1,6389815965,1445792,31258764,638995876,7121644,233,150
0,0.407227,0,150.183105
0,0.474609,-10,150.512695
1,6389816130,1445792,31258913,638995722,7121703,234,150
0,0.083496,-7,150.556641
0,0.457031,-11,150.622559
1,6389816235,1445792,31259021,638995587,7121746,235,150
0,0.255371,-3,150.666504
0,0.281738,-19,150.842285
1,6389816393,1445792,31259170,638995456,7121806,236,150
0,0.135254,0,150.886230
0,0.244629,0,151.040039
1,6389816285,1445792,31259057,638995575,7121761,237,151
0,0.035156,-12,151.018066
0,0.247559,-15,151.523438
1,6389815906,1445792,31258684,638995407,7121600,238,151
0,0.241699,-16,151.721191
0,0.011719,-18,152.182617
1,6389815998,1445792,31258764,638995847,7121643,239,152
0,0.097168,-7,152.314453
0,0.085449,-17,152.731934
1,6389816355,1445792,31259103,638995518,7121779,240,152
0,-0.069824,-6,152.775879
0,0.225098,-15,152.907715
1,6389815913,1445792,31258666,638995449,7121594,241,152
0,0.259277,-21,153.017578
0,-0.088379,-22,153.281250
1,6389816025,1445792,31258786,638995843,7121652,242,153
0,0.042969,-12,153.347168
0,-0.023438,-23,153.786621
1,6389816113,1445792,31258859,638995760,7121681,243,153
0,0.255371,-13,153.940430
0,0.109863,-21,154.687500
1,6389816234,1445792,31258982,638995643,7121730,244,154
0,-0.119629,-15,154.819336
0,-0.131348,-14,155.280762
1,6389816088,1445792,31258827,638995803,7121668,245,155
0,-0.259277,-13,155.412598
0,0.084473,-19,155.742188
1,6389815899,1445792,31258653,638995456,7121589,246,155
0,-0.068848,-19,155.874023
0,-0.177246,-13,156.247559
1,6389816371,1445792,31259115,638995498,7121784,247,156
0,-0.304199,-13,156.423340
0,0.007812,-15,156.972656
1,6389815926,1445792,31258686,638995425,7121602,248,156
0,0.031250,-16,157.104492
0,0.038086,-16,157.917480
1,6389816270,1445792,31259024,638995605,7121747,249,157
0,-0.214355,-9,158.093262
0,-0.039062,-28,158.862305
1,6389816105,1445792,31258842,638995770,7121674,250,158
0,-0.321777,-14,159.082031
0,-0.077637,-17,159.851074
1,6389816219,1445792,31258927,638995653,7121708,251,159
0,-0.285645,-19,160.180664
0,0.101074,-18,161.037598
1,6389816051,1445792,31258762,638995823,7121641,252,161
0,-0.062012,-16,161.235352
0,-0.062012,-2,161.938477
1,6389816113,1445792,31258845,638995772,7121675,253,161
0,-0.332520,-14,162.136230
0,-0.362793,-2,162.795410
1,6389815955,1445792,31258674,638995423,7121597,254,162
0,0.169434,-21,162.817383
0,0.062012,-14,163.212891
1,6389816063,1445792,31258753,638995841,7121638,255,163
0,0.019531,6,163.278809
0,0.105957,3,163.959961
1,6389816400,1445792,31259106,638995486,7121780,256,163
0,0.003906,-1,164.223633
0,-0.197754,-12,164.838867
1,6389816221,1445792,31258929,638995657,7121709,257,164
0,-0.175293,-7,164.904785
0,-0.027344,-8,165.585938
1,6389816035,1445792,31258729,638995853,7121628,258,165
0,-0.299316,-12,165.651855
0,-0.177246,-36,166.201172
1,6389816118,1445792,31258803,638995756,7121657,259,166
0,0.077637,-20,166.245117
0,0.370605,-27,166.772461
1,6389816128,1445792,31258802,638995754,7121657,260,166
0,-0.440430,-38,166.794434
0,-0.181152,-9,167.211914
1,6389816233,1445792,31258880,638995673,7121688,261,167
0,-0.434570,-14,167.343750
0,0.249512,-25,167.958984
1,6389816054,1445792,31258733,638995824,7121629,262,167
0,0.062012,-1,168.134766
0,-0.355957,-15,168.552246
1,6389816081,1445792,31258752,638995805,7121637,263,168
0,-0.439453,-23,168.706055
0,-0.232910,-7,169.057617
1,6389815909,1445792,31258566,638995497,7121552,264,169
0,0.011719,-6,169.189453
0,-0.213379,-7,169.672852
1,6389815975,1445792,31258643,638995403,7121583,265,169
0,-0.088379,-3,169.914551
0,-0.119629,-3,170.463867
1,6389816284,1445792,31258977,638995608,7121727,266,170
0,-0.402344,-5,170.529785
0,-0.312988,-13,170.749512
1,6389816044,1445792,31258728,638995854,7121628,267,170
0,-0.351074,-27,170.837402
0,-0.333496,-5,170.529785
1,6389816371,1445792,31259013,638995573,7121742,268,170
0,-0.197754,-8,170.507812
0,-0.136230,-23,170.419922
1,6389816077,1445792,31258739,638995815,7121631,269,170
0,0.084473,-3,170.419922
0,-0.200684,-16,170.266113
1,6389816090,1445792,31258753,638995810,7121637,270,170
0,-0.035156,-7,170.419922
0,-0.235840,-15,170.288086
1,6389816392,1445792,31259054,638995520,7121758,271,170
0,0.200684,-1,170.419922
0,0.120605,0,170.375977
1,6389815965,1445792,31258639,638995430,7121582,272,170
0,0.085449,-7,170.419922
0,-0.392578,-33,170.222168
1,6389816054,1445792,31258717,638995836,7121623,273,170
0,-0.112793,3,170.090332
0,-0.197754,-28,169.321289
1,6389816349,1445792,31259008,638995558,7121740,274,169
0,-0.201660,-7,169.057617
0,-0.196777,-31,168.024902
1,6389816145,1445792,31258797,638995757,7121655,275,168
0,-0.185059,-6,167.827148
0,-0.285645,-21,167.233887
1,6389816034,1445792,31258681,638995372,7121599,276,167
0,-0.076660,-8,167.211914
0,-0.293457,-33,166.838379
1,6389816282,1445792,31258928,638995637,7121708,277,166
0,-0.331543,6,166.574707
0,-0.194824,-6,166.003418
1,6389815967,1445792,31258608,638995469,7121569,278,166
0,0.023438,4,165.827637
0,-0.356934,10,165.410156
1,6389816242,1445792,31258916,638995714,7121704,279,165
0,-0.015625,-1,165.234375
0,-0.386719,-9,164.619141
1,6389815972,1445792,31258600,638995482,7121566,280,164
0,0.145020,7,164.509277
0,-0.135254,-7,163.937988
1,6389816208,1445792,31258882,638995746,7121691,281,163
0,-0.457031,-12,163.762207
0,-0.437500,-18,163.476562
1,6389815917,1445792,31258538,638995552,7121542,282,163
0,-0.249512,-5,163.344727
0,0.139160,-14,162.817383
1,6389816117,1445792,31258783,638995838,7121651,283,162
0,-0.116699,-23,162.553711
0,-0.507812,-21,161.542969
1,6389816338,1445792,31258970,638995656,7121726,284,161
0,-0.543945,-29,161.191406
0,-0.290527,-18,160.334473
1,6389816004,1445792,31258651,638995469,7121587,285,160
0,-0.220215,-13,160.070801
0,0.003906,-11,159.433594
1,6389816196,1445792,31258816,638995813,7121664,286,159
0,-0.169434,-11,159.367676
0,-0.007812,-23,158.862305
1,6389816364,1445792,31258983,638995638,7121731,287,158
0,-0.035156,-19,158.686523
0,-0.320801,-17,158.356934
1,6389815999,1445792,31258639,638995485,7121583,288,158
0,-0.068848,-30,158.291016
0,0.247559,-5,157.785645
1,6389815944,1445792,31258550,638995573,7121547,289,157
0,-0.183105,-34,157.763672
0,-0.189941,-16,157.148438
1,6389816083,1445792,31258696,638995428,7121606,290,157
0,-0.116699,-20,156.994629
0,-0.062012,-12,156.313477
1,6389816241,1445792,31258842,638995795,7121674,291,156
0,-0.259277,-20,156.071777
0,-0.240723,-7,155.412598
1,6389816379,1445792,31258973,638995668,7121727,292,155
0,-0.255371,-15,155.368652
0,-0.023438,-11,154.929199
1,6389815975,1445792,31258584,638995546,7121561,293,154
0,-0.200684,-10,154.753418
0,-0.081543,-9,154.006348
1,6389816109,1445792,31258708,638995940,7121621,294,154
0,-0.085449,-13,153.874512
0,-0.080566,-8,153.061523
1,6389816226,1445792,31258836,638995811,7121672,295,153
0,0.089355,-3,152.951660
0,0.019531,-6,152.094727
1,6389816357,1445792,31258968,638995684,7121725,296,152
0,-0.035156,-13,151.896973
0,0.147949,-2,151.018066
1,6389815982,1445792,31258578,638995564,7121559,297,151
0,0.119629,-2,150.842285
0,0.578125,-9,150.292969
1,6389816090,1445792,31258676,638995465,7121598,298,150
0,-0.035156,-11,150.227051
0,0.248535,-4,149.743652
1,6389816180,1445792,31258763,638995895,7121643,299,149
0,0.500000,-4,149.545898
0,0.305176,0,148.996582
1,6389816033,1445792,31258616,638995524,7121574,300,148
0,0.301270,-8,148.732910
0,0.496094,-4,147.722168
1,6389816132,1445792,31258720,638995933,7121626,301,147
0,0.220215,-3,147.502441
0,0.459961,-3,146.887207
1,6389816224,1445792,31258795,638995863,7121656,302,146
0,0.447266,-7,146.755371
0,0.470703,-7,146.030273
1,6389816294,1445792,31258890,638995773,7121694,303,146
0,0.562500,-6,145.898438
0,0.558594,-10,145.239258
1,6389816383,1445792,31258976,638995689,7121729,304,145
0,0.607422,-8,145.129395
0,0.539062,-15,144.514160
1,6389815982,1445792,31258568,638995588,7121555,305,144
0,0.851074,3,144.250488
0,0.647461,10,143.920898
1,6389816050,1445792,31258650,638995526,7121588,306,143
0,0.607422,-14,143.811035
0,0.785156,6,143.261719
1,6389816130,1445792,31258698,638995468,7121607,307,143
0,0.796875,4,143.107910
0,0.929688,0,142.668457
1,6389816164,1445792,31258760,638995918,7121643,308,142
0,0.634766,-5,142.602539
0,0.844238,6,142.141113
1,6389816227,1445792,31258798,638995874,7121657,309,142
0,0.991211,3,142.075195
0,0.834473,-1,141.328125
1,6389816024,1445792,31258593,638995566,7121565,310,141
0,0.945312,2,141.130371
0,1.057129,7,140.471191
1,6389816075,1445792,31258649,638995520,7121587,311,140
0,0.902832,7,140.207520
0,1.243164,10,139.746094
1,6389816106,1445792,31258695,638995480,7121606,312,139
0,1.047363,3,139.614258
0,1.210449,9,138.977051
1,6389816160,1445792,31258741,638995934,7121634,313,138
0,1.088379,8,138.801270
0,1.246094,13,138.229980
1,6389816221,1445792,31258783,638995895,7121651,314,138
0,1.350586,7,138.076172
0,0.975586,-2,137.373047
1,6389816249,1445792,31258830,638995822,7121670,315,137
0,1.295898,9,137.109375
0,1.224121,8,136.384277
1,6389816061,1445792,31258636,638995542,7121583,316,136
0,1.199707,15,136.186523
0,1.364258,-1,135.505371
1,6389816366,1445792,31258968,638995722,7121726,317,135
0,1.454590,7,135.373535
0,1.561035,11,134.670410
1,6389816403,1445792,31258961,638995739,7121723,318,134
0,1.709961,3,134.494629
0,1.744629,10,133.791504
1,6389816351,1445792,31258896,638995805,7121697,319,133
0,1.443848,5,133.637695
0,1.523926,9,132.912598
1,18446742980587739929,1445792,31258631,638995557,26,320,132
0,1.562012,3,132.736816
0,1.839355,1,132.033691
1,6389816089,1445792,31258647,638995534,7121587,321,132
0,1.396484,-5,131.835938
0,1.655273,-2,131.176758
1,6389816067,1445792,31258602,638995566,7121569,322,131
0,2.033203,4,130.979004
0,1.731445,4,130.100098
1,6389816026,1445792,31258576,638995616,7121559,323,130
0,1.671875,6,129.836426
0,1.841309,8,129.045410
1,6389816228,1445792,31258780,638995929,7121651,324,129
0,1.807129,2,128.847656
0,1.848145,20,127.836914
1,6389816230,1445792,31258751,638995975,7121640,325,127
0,2.149902,2,127.419434
0,1.955078,1,126.848145
1,6389815896,1445792,31258407,638995780,7121491,326,126
0,1.695312,-7,126.760254
0,2.086914,-4,126.496582
1,6389816066,1445792,31258586,638995580,7121562,327,126
0,1.975586,23,126.342773
0,1.923828,-1,125.837402
1,6389815975,1445792,31258511,638995674,7121532,328,125
0,1.885254,2,125.639648
0,2.355469,-9,124.914551
1,6389816149,1445792,31258651,638995532,7121589,329,124
0,2.224121,-1,124.782715
0,2.367188,14,124.167480
1,6389816091,1445792,31258584,638995633,7121562,330,124
0,2.030273,-1,124.079590
0,2.245605,6,123.464355
1,6389816007,1445792,31258460,638995748,7121513,331,123
0,2.137207,-11,123.398438
0,2.263184,15,123.354492
1,6389816140,1445792,31258601,638995615,7121569,332,123
0,2.280762,14,123.178711
0,2.129395,3,122.980957
1,6389816212,1445792,31258706,638996004,7121621,333,122
0,2.444824,15,122.805176
0,2.441895,16,122.277832
1,6389816290,1445792,31258781,638995944,7121651,334,122
0,2.440918,1,122.102051
0,2.210449,19,121.135254
1,6389816194,1445792,31258655,638995563,7121591,335,121
0,2.205566,-10,120.783691
0,2.570312,13,119.223633
1,6389816324,1445792,31258773,638995950,7121648,336,119
0,2.578125,2,118.828125
0,2.581055,8,117.971191
1,6389815899,1445792,31258340,638995867,7121464,337,117
0,2.787109,-8,117.861328
0,2.303711,-14,117.751465
1,6389816262,1445792,31258714,638995988,7121624,338,117
0,2.706055,-7,117.509766
0,2.477539,-9,116.586914
1,6389816348,1445792,31258818,638995884,7121666,339,116
0,2.603516,-6,116.037598
0,2.760742,-13,114.741211
1,6389815957,1445792,31258411,638995773,7121492,340,114
0,2.735352,-13,114.455566
0,2.850098,-15,113.818359
1,6389816069,1445792,31258507,638995667,7121531,341,113
0,2.659180,-14,113.488770
0,2.657227,-17,113.049316
1,6389816403,1445792,31258835,638995856,7121672,342,113
0,2.699219,-4,112.939453
0,2.738281,-1,112.082520
1,6389815986,1445792,31258413,638995785,7121493,343,112
0,2.814453,-15,111.489258
0,2.999512,-1,110.456543
1,6389816378,1445792,31258794,638995920,7121657,344,110
0,2.726562,-6,110.302734
0,2.847168,-6,109.907227
1,6389816190,1445792,31258640,638995566,7121585,345,109
0,2.928223,-20,109.775391
0,2.909668,-5,108.918457
1,6389816143,1445792,31258568,638995639,7121556,346,108
0,3.012207,-14,108.347168
0,-3.090332,-12,106.105957
1,6389815947,1445792,31258390,638995813,7121484,347,106
0,2.830078,-16,105.710449
0,2.881348,-22,104.831543
1,6389816267,1445792,31258679,638995520,7121600,348,104
0,3.044434,-18,104.523926
0,-3.122070,-28,103.425293
1,6389816321,1445792,31258725,638995956,7121628,349,103
0,2.870605,5,103.139648
0,2.918457,-7,102.150879
1,6389816097,1445792,31258519,638995683,7121536,350,102
0,3.060059,-9,102.106934
0,2.854980,-17,101.469727
1,6389815904,1445792,31258309,638995885,7121452,351,101
0,2.945801,-25,101.206055
0,3.007324,-8,100.415039
1,6389816209,1445792,31258583,638995614,7121561,352,100
0,-3.024902,-18,100.195312
0,3.004395,-22,99.799805
1,6389815971,1445792,31258344,638995820,7121465,353,99
0,-3.141113,-26,99.777832
0,-3.098633,-30,99.206543
1,6389816259,1445792,31258623,638995563,7121577,354,99
0,-3.095215,-31,98.920898
0,3.117676,-22,97.009277
1,6389816013,1445792,31258360,638995822,7121472,355,97
0,-3.055176,-31,96.921387
0,-2.854980,-25,96.459961
1,6389816269,1445792,31258610,638995568,7121572,356,96
0,-3.110352,-29,96.284180
0,-2.918457,-26,95.954590
1,6389816001,1445792,31258302,638995843,7121448,357,95
0,-3.012207,-25,95.734863
0,-3.012207,-26,94.614258
1,6389816237,1445792,31258567,638995616,7121555,358,94
0,-2.886230,-28,94.438477
0,-3.110352,-33,94.152832
1,6389815956,1445792,31258273,638995894,7121436,359,94
0,-2.937988,-23,94.064941
0,-2.977051,-26,92.856445
1,6389816179,1445792,31258499,638995679,7121527,360,92
0,3.058105,-32,92.460938
0,-2.687500,-26,91.230469
1,6389816403,1445792,31258717,638995970,7121624,361,91
0,-2.941895,-24,90.966797
0,-2.838867,-30,89.934082
1,6389816108,1445792,31258381,638995769,7121479,362,89
0,-2.975098,-35,89.516602
0,-2.363281,-30,88.132324
1,6389816320,1445792,31258586,638995560,7121561,363,88
0,-2.925293,-27,87.758789
0,-2.657227,-28,86.989746
1,6389815999,1445792,31258288,638995883,7121442,364,86
0,-2.510742,-9,86.704102
0,-2.667969,-35,85.561523
1,6389816177,1445792,31258455,638995691,7121509,365,85
0,-2.852051,-29,85.275879
0,-2.922363,-43,83.078613
1,6389816387,1445792,31258636,638995499,7121581,366,83
0,-2.831543,-32,82.814941
0,-2.878418,-34,82.023926
1,6389816062,1445792,31258307,638995835,7121449,367,82
0,-2.389648,-25,81.760254
0,-2.592773,-24,80.727539
1,6389816223,1445792,31258475,638995665,7121517,368,80
0,-2.803711,-37,80.441895
0,-2.371094,-33,78.618164
1,6389815911,1445792,31258137,638995497,7121371,369,78
0,-2.744141,-31,77.958984
0,-2.921387,-25,77.453613
1,6389816056,1445792,31258282,638995866,7121439,370,77
0,-2.410645,-35,77.365723
0,-2.391602,-43,76.420898
1,6389816201,1445792,31258413,638995723,7121491,371,76
0,-2.843262,-35,76.047363
0,-2.037109,-35,74.970703
1,6389816384,1445792,31258590,638995557,7121563,372,74
0,-2.917480,-37,74.729004
0,-2.607422,-40,73.806152
1,6389816239,1445792,31258455,638995694,7121509,373,73
0,-2.585938,-42,73.476562
0,-2.863770,-35,72.421875
1,6389816086,1445792,31258293,638995846,7121443,374,72
0,-2.248535,-38,72.312012
0,-2.094727,-44,71.477051
1,6389816198,1445792,31258398,638995740,7121486,375,71
0,-2.264160,-40,71.125488
0,-2.083984,-49,70.334473
1,6389816287,1445792,31258492,638995633,7121523,376,70
0,-2.568359,-34,70.070801
0,-2.591797,-47,69.191895
1,6389816117,1445792,31258308,638995820,7121449,377,69
0,-2.090820,-38,68.950195
0,-2.526367,-56,68.225098
1,6389815951,1445792,31258149,638995471,7121376,378,68
0,-2.351562,-40,67.763672
0,-2.183105,-43,66.335449
1,6389816002,1445792,31258190,638995952,7121402,379,66
0,-2.398926,-48,65.983887
0,-2.700195,-43,65.324707
1,6389816086,1445792,31258238,638995876,7121421,380,65
0,-2.603516,-49,65.192871
0,-2.134277,-47,64.182129
1,6389816192,1445792,31258335,638995810,7121460,381,64
0,-2.383789,-47,63.962402
0,-2.020508,-51,62.490234
1,6389815934,1445792,31258082,638995548,7121349,382,62
0,-2.041992,-42,62.182617
0,-2.239746,-52,61.018066
1,6389816213,1445792,31258349,638995764,7121465,383,61
0,-2.076172,-52,60.512695
0,-2.112305,-46,59.523926
1,6389815966,1445792,31258095,638995519,7121354,384,59
0,-2.630859,-37,59.150391
0,-2.557617,-59,57.612305
1,6389816215,1445792,31258352,638995779,7121467,385,57
0,-2.245605,-43,57.172852
0,-2.325195,-49,56.447754
1,6389816221,1445792,31258346,638995793,7121465,386,56
0,-2.603516,-59,56.403809
0,-2.189941,-10,55.524902
1,6389815992,1445792,31258094,638995547,7121354,387,55
0,-1.879395,-55,55.393066
0,-2.452637,-62,54.843750
1,6389816240,1445792,31258351,638995775,7121466,388,54
0,-1.798340,-66,54.821777
0,-2.302734,-55,54.492188
1,6389816273,1445792,31258418,638995756,7121494,389,54
0,-2.041016,-53,54.426270
0,-2.104492,-62,53.767090
1,6389816288,1445792,31258401,638995720,7121486,390,53
0,-2.053711,-33,53.591309
0,-1.784668,-36,52.690430
1,6389816286,1445792,31258403,638995760,7121488,391,52
0,-2.171387,-62,52.294922
0,-2.109375,-62,51.196289
1,6389816302,1445792,31258446,638995700,7121505,392,51
0,-2.121582,-42,50.844727
0,-2.257324,-71,50.273438
1,6389816332,1445792,31258455,638995714,7121509,393,50
0,-2.149902,-48,50.119629
0,-1.714844,-28,49.482422
1,6389816334,1445792,31258417,638995721,7121493,394,49
0,-1.961914,-55,49.086914
0,-2.115234,-45,48.186035
1,6389816315,1445792,31258462,638995707,7121512,395,48
0,-2.185059,-42,48.273926
0,-2.355469,-32,48.779297
1,6389816324,1445792,31258418,638995753,7121494,396,48
0,-1.876465,-26,48.713379
0,-1.917480,-65,48.977051
1,6389816275,1445792,31258423,638995799,7121497,397,48
0,-2.249512,-44,48.999023
0,-2.083984,-2,49.020996
1,6389816263,1445792,31258395,638995851,7121486,398,49
0,-2.332031,-30,48.867188
0,-2.253418,-14,48.493652
1,6389816215,1445792,31258321,638995877,7121456,399,48
0,-2.192871,-42,48.317871
0,-2.083008,-35,47.351074
1,6389816176,1445792,31258274,638995895,7121436,400,47
0,-1.974609,-25,46.933594
0,-2.206543,5,45.769043
1,6389816127,1445792,31258253,638995985,7121429,401,45
0,-1.921387,-28,45.505371
0,-2.072266,-19,44.560547
1,6389816069,1445792,31258142,638995520,7121373,402,44
0,-1.935547,-27,44.121094
0,-1.969727,24,42.451172
1,6389816170,1445792,31258254,638995955,7121429,403,42
0,-2.320312,-22,42.011719
0,-1.995117,9,40.891113
1,6389816322,1445792,31258403,638995806,7121489,404,40
0,-1.974609,-13,40.517578
0,-2.468262,-6,39.704590
1,6389816193,1445792,31258282,638995918,7121440,405,39
0,-2.304688,23,39.221191
0,-2.295410,9,37.770996
1,6389816298,1445792,31258404,638995807,7121489,406,37
0,-2.284668,25,37.595215
0,-2.386719,8,36.716309
1,6389816184,1445792,31258277,638995907,7121438,407,36
0,-2.125488,34,36.254883
0,-2.282715,18,35.859375
1,6389816040,1445792,31258143,638995557,7121374,408,35
0,-2.272949,23,35.771484
0,-2.614258,16,34.716797
1,6389816193,1445792,31258274,638995934,7121437,409,34
0,-2.633789,25,34.255371
0,-2.545898,12,32.673340
1,6389816306,1445792,31258394,638995814,7121485,410,32
0,-2.483398,22,32.277832
0,-2.717773,16,31.574707
1,6389816164,1445792,31258261,638995946,7121432,411,31
0,-2.690430,31,31.574707
0,-2.571289,17,31.091309
1,6389816059,1445792,31258149,638995551,7121377,412,31
0,-2.750000,18,30.783691
0,-2.883301,27,30.234375
1,6389815894,1445792,31257964,638995723,7121302,413,30
0,-2.854980,22,30.014648
0,-2.858887,24,29.641113
1,6389816016,1445792,31258084,638995608,7121350,414,29
0,-2.964355,25,29.399414
0,-2.929199,42,28.278809
1,6389816112,1445792,31258208,638996051,7121412,415,28
0,-2.976074,19,27.883301
0,3.141113,27,27.092285
1,6389816225,1445792,31258316,638995921,7121455,416,27
0,-3.043457,20,27.136230
0,-3.125977,26,26.586914
1,6389816301,1445792,31258394,638995843,7121486,417,26
0,-3.039551,26,26.542969
0,-3.031738,22,25.686035
1,6389816386,1445792,31258485,638995741,7121522,418,25
0,-3.098145,35,25.224609
0,-3.082520,38,24.367676
1,6389815980,1445792,31258068,638995659,7121345,419,24
0,2.969238,3,24.169922
0,2.949707,28,22.456055
1,6389816373,1445792,31258446,638995781,7121507,420,22
0,-3.102539,26,22.104492
0,-3.023926,28,21.181641
1,6389816225,1445792,31258307,638995932,7121451,421,21
0,2.996582,11,21.049805
0,2.973145,16,20.390625
1,6389816094,1445792,31258152,638995560,7121378,422,20
0,3.137207,36,20.192871
0,-3.012207,42,19.555664
1,6389815908,1445792,31257998,638995744,7121317,423,19
0,2.810547,24,19.357910
0,-3.110352,55,18.808594
1,6389816266,1445792,31258325,638995928,7121458,424,18
0,3.013184,42,18.698730
0,3.024902,29,17.885742
1,6389816096,1445792,31258161,638995579,7121383,425,17
0,2.923340,35,17.446289
0,2.977051,53,16.391602
1,6389815913,1445792,31257967,638995765,7121305,426,16
0,2.769531,38,16.237793
0,2.743164,21,15.446777
1,6389816243,1445792,31258308,638995925,7121451,427,15
0,3.016113,28,15.336914
0,-3.090332,35,14.633789
1,6389816074,1445792,31258131,638995610,7121370,428,14
0,3.013184,21,14.567871
0,2.791016,35,13.974609
1,6389816402,1445792,31258439,638995810,7121504,429,13
0,-3.078613,59,13.842773
0,2.994629,31,13.007812
1,6389815972,1445792,31258054,638995691,7121340,430,13
0,2.913574,43,12.744141
0,3.133301,61,12.480469
1,6389816255,1445792,31258309,638995972,7121452,431,12
0,3.062988,70,12.348633
0,2.959473,37,12.524414
1,6389816265,1445792,31258312,638995942,7121453,432,12
0,2.886230,57,12.722168
0,-3.102539,52,13.227539
1,6389816036,1445792,31258076,638995676,7121349,433,13
0,2.830078,61,13.315430
0,3.062988,57,13.293457
1,6389816259,1445792,31258278,638995993,7121440,434,13
0,2.967285,32,13.183594
0,2.749023,62,12.304688
1,6389816229,1445792,31258242,638996031,7121425,435,12
0,2.851074,44,12.172852
0,2.654297,39,11.250000
1,6389815963,1445792,31257965,638995792,7121304,436,11
0,3.094238,52,10.920410
0,-3.114258,84,9.074707
1,6389816101,1445792,31258109,638995673,7121362,437,9
0,-3.138184,51,8.525391
0,2.925293,63,7.426758
1,6389816036,1445792,31258039,638995736,7121334,438,7
0,2.930176,54,7.185059
0,2.964355,60,6.459961
1,6389815962,1445792,31257958,638995815,7121302,439,6
0,2.988770,66,6.174316
0,-2.937988,84,5.405273
1,6389816154,1445792,31258167,638995627,7121386,440,5
0,3.102051,73,5.163574
0,-2.893066,88,4.064941
1,6389816274,1445792,31258296,638996025,7121448,441,4
0,-3.027832,83,3.801270
0,-2.832520,86,2.724609
1,6389816186,1445792,31258202,638996126,7121411,442,2
0,-2.921387,97,2.482910
0,-2.627930,136,1.340332
1,18446742980587740140,1445792,31258330,638996024,26,443,1
0,-2.578125,120,1.032715
0,0.217285,-37,0.109863
1,6389815920,1445792,31257961,638995714,7121301,444,0
0,-0.321777,-45,359.934082
0,-2.502930,142,359.692383
1,6389816219,1445792,31258086,638995771,7121354,445,359
0,-0.023438,-46,359.428711
0,-0.501953,-28,358.571777
1,6389816355,1445792,31258212,638995997,7121412,446,358
0,-0.555664,-17,358.417969
0,-0.591797,-42,358.615723
1,6389816216,1445792,31258123,638995571,7121366,447,358
0,-0.243652,-41,358.813477
0,-0.551758,-32,358.308105
1,6389816400,1445792,31258266,638995947,7121433,448,358
0,-0.436523,-36,358.286133
0,-0.560547,-14,358.308105
1,6389816033,1445792,31257916,638995807,7121284,449,358
0,-0.243652,-33,358.330078
0,-0.027344,-23,358.308105
1,6389816260,1445792,31258135,638995582,7121371,450,358
0,-0.531250,-37,358.066406
0,-0.285645,-22,356.857910
1,6389816110,1445792,31257961,638995741,7121301,451,356
0,-0.475586,-11,356.704102
0,-0.429688,-6,355.517578
1,6389815921,1445792,31257815,638995919,7121243,452,355
0,-0.316895,-20,355.122070
0,-0.301270,-16,353.056641
1,6389816018,1445792,31257904,638995820,7121279,453,353
0,-0.146973,3,352.990723
0,-0.328613,-6,354.660645
1,6389816355,1445792,31258253,638995998,7121429,454,354
0,-0.293457,5,355.363770
0,-0.247559,-11,354.177246
1,6389816177,1445792,31258061,638995666,7121342,455,354
0,-0.398438,8,354.089355
0,-0.475586,-4,353.408203
1,6389816249,1445792,31258140,638995595,7121374,456,353
0,-0.409180,-10,352.968750
0,-0.267090,-1,350.903320
1,6389816380,1445792,31258267,638995992,7121435,457,350
0,-0.007812,-7,350.881348
0,-0.212402,-1,350.529785
1,6389816364,1445792,31258264,638996011,7121434,458,350
0,-0.097168,17,350.266113
0,-0.120605,-1,348.508301
1,6389815916,1445792,31257824,638995932,7121247,459,348
0,0.089355,-2,347.893066
0,-0.078613,1,346.750488
1,6389816232,1445792,31258129,638995624,7121370,460,346
0,-0.231934,0,346.530762
0,-0.112793,5,345.827637
1,6389816029,1445792,31257928,638995843,7121289,461,345
0,-0.093262,-9,345.410156
0,-0.073730,2,343.937988
1,6389816337,1445792,31258207,638996067,7121411,462,343
0,-0.039062,5,343.454590
0,0.019531,3,342.268066
1,6389816094,1445792,31258010,638995796,7121323,463,342
0,-0.065918,4,342.114258
0,0.097168,0,342.224121
1,6389816093,1445792,31257994,638995805,7121316,464,342
0,0.039062,1,341.586914
0,-0.229980,10,340.642090
1,6389816358,1445792,31258260,638996057,7121433,465,340
0,0.173340,-6,340.576172
0,-0.026367,3,340.180664
1,6389816117,1445792,31258113,638995767,7121366,466,340
0,0.045898,15,340.114746
0,-0.085449,10,339.279785
1,6389816171,1445792,31258150,638995739,7121381,467,339
0,-0.698242,-3,328.557129
0,-0.769531,15,327.854004
1,6389816356,1445792,31258212,638996053,7121413,468,327
0,-0.498047,2,327.634277
0,-0.991211,3,327.238770
1,6389816014,1445792,31257887,638995868,7121272,469,327
0,-0.939453,3,327.062988
0,-0.718750,6,326.315918
1,6389816274,1445792,31258149,638995595,7121377,470,326
0,-0.948242,8,326.052246
0,-0.883301,0,325.107422
1,6389816364,1445792,31258268,638995993,7121435,471,325
0,-0.925781,-2,325.019531
0,-0.851074,-1,324.602051
1,6389815961,1445792,31257868,638995874,7121265,472,324
0,-1.032715,2,324.514160
0,-1.052246,-2,323.745117
1,6389816211,1445792,31258121,638995625,7121366,473,323
0,-1.091309,0,323.371582
0,-0.964844,-3,322.492676
1,6389816026,1445792,31257942,638995810,7121295,474,322
0,-1.014648,7,322.316895
0,-1.069824,2,321.503906
1,6389816362,1445792,31258282,638995970,7121441,475,321
0,-0.879395,2,321.240234
0,-1.083496,-4,320.251465
1,6389815998,1445792,31257921,638995822,7121286,476,320
0,-1.070801,6,320.097656
0,-0.963867,0,319.724121
1,6389816340,1445792,31258257,638996002,7121431,477,319
0,-0.902832,-7,319.570312
0,-0.936523,4,318.823242
1,6389815896,1445792,31257815,638995944,7121244,478,318
0,-1.176270,-2,318.186035
0,-1.240234,0,316.318359
1,6389815954,1445792,31257875,638995874,7121268,479,316
0,-0.952148,0,315.878906
0,-1.382812,-8,314.670410
1,6389816037,1445792,31257955,638995797,7121300,480,314
0,-1.276367,-8,314.362793
0,-1.490723,-5,313.308105
1,6389816377,1445792,31258279,638995990,7121440,481,313
0,-1.432617,-13,313.000488
0,-1.147949,-6,312.165527
1,6389816188,1445792,31258071,638995673,7121346,482,312
0,-1.233398,0,312.033691
0,-1.339844,-10,312.055664
1,6389816257,1445792,31258126,638995605,7121368,483,312
0,-1.450684,-11,312.011719
0,-1.401367,-22,311.594238
1,6389816039,1445792,31257923,638995816,7121287,484,311
0,-1.260742,-7,311.550293
0,-1.427734,-13,311.220703
1,6389816348,1445792,31258226,638996032,7121418,485,311
0,-1.355469,-11,311.110840
0,-1.557129,-12,310.605469
1,6389816148,1445792,31258014,638995727,7121323,486,310
0,-1.832520,-23,310.517578
0,-1.735840,-21,309.946289
1,6389815951,1445792,31257824,638995926,7121247,487,309
0,-1.365234,-12,309.616699
0,-1.582520,-23,308.452148
1,6389816233,1445792,31258099,638995618,7121357,488,308
0,-1.519043,-12,308.166504
0,-1.707031,-28,307.397461
1,6389816298,1445792,31258176,638995560,7121388,489,307
0,-1.888184,-13,307.089844
0,-1.741699,-12,305.903320
1,6389816343,1445792,31258200,638996057,7121408,490,305
0,-1.615723,-20,305.573730
0,-1.883301,-10,304.387207
1,6389816352,1445792,31258199,638996057,7121407,491,304
0,-1.623535,-14,303.947754
0,-1.878418,-19,302.761230
1,6389816111,1445792,31257964,638995772,7121303,492,302
0,-1.998047,-16,302.475586
0,-1.833496,-9,301.025391
1,6389816152,1445792,31258009,638995740,7121321,493,301
0,-1.783691,-20,300.651855
0,-1.925293,-12,299.729004
1,6389816338,1445792,31258195,638996071,7121406,494,299
0,-2.099609,-8,299.553223
0,-1.942383,-6,298.718262
1,6389816159,1445792,31258016,638995737,7121324,495,298
0,-2.036133,-8,298.498535
0,-2.064453,-9,297.026367
1,6389815918,1445792,31257772,638995974,7121226,496,297
0,-1.892090,-5,296.477051
0,-2.367188,7,294.609375
1,6389815943,1445792,31257793,638995957,7121234,497,294
0,-2.229004,-6,294.147949
0,-2.164551,-2,293.137207
1,6389816183,1445792,31258015,638995735,7121323,498,293
0,-2.203613,0,292.961426
0,-2.161621,3,292.126465
1,6389816170,1445792,31258004,638995746,7121319,499,292
0,-2.052734,-5,291.665039
0,-1.932617,1,290.324707
1,6389816387,1445792,31258204,638996063,7121409,500,290
0,-2.213379,0,289.973145
0,-2.187988,-3,288.676758
1,6389816359,1445792,31258162,638995585,7121383,501,288
0,-2.271973,-1,288.237305
0,-2.549805,0,287.116699
1,6389816293,1445792,31258082,638995646,7121350,502,287
0,-2.155762,6,286.940918
0,-2.385742,13,285.820312
1,6389815964,1445792,31257768,638995986,7121224,503,285
0,-2.355469,1,285.622559
0,-2.473145,3,284.348145
1,6389816165,1445792,31257956,638995786,7121300,504,284
0,-2.580078,-2,283.952637
0,-2.793945,2,282.282715
1,6389816105,1445792,31257880,638995863,7121269,505,282
0,-2.662109,0,282.019043
0,-2.549805,3,280.876465
1,6389816284,1445792,31258055,638995680,7121339,506,280
0,-2.721680,-3,280.437012
0,-2.643555,17,279.777832
1,6389816194,1445792,31257963,638995786,7121302,507,279
0,-2.921387,13,279.492188
0,-2.840332,16,277.976074
1,6389816370,1445792,31258124,638995598,7121367,508,277
0,-2.897949,8,277.690430
0,-2.839355,19,276.723633
1,6389816285,1445792,31258032,638995699,7121330,509,276
0,-3.102051,12,276.372070
0,-2.922363,10,275.559082
1,6389816162,1445792,31257930,638995819,7121289,510,275
0,-2.925293,8,275.603027
0,-2.909668,18,275.339355
1,6389816349,1445792,31258089,638995643,7121353,511,275
0,-3.012207,7,275.471191
0,-2.836426,6,275.339355
1,6389816225,1445792,31257959,638995753,7121300,512,275
0,-2.847168,2,275.427246
0,-2.837891,5,274.592285
1,6389816102,1445792,31257883,638995874,7121271,513,274
0,-2.988770,5,274.262695
0,-3.015137,14,273.889160
1,6389816287,1445792,31258021,638995707,7121325,514,273
0,-3.118164,7,273.537598
0,-3.014160,-1,272.043457
1,6389816222,1445792,31257989,638995772,7121313,515,272
0,3.002441,12,271.384277
0,-3.098145,7,269.296875
1,6389816291,1445792,31258024,638995702,7121326,516,269
0,-3.079590,2,268.945312
0,-3.106445,6,267.714844
1,6389816230,1445792,31257971,638995747,7121305,517,267
0,-3.134277,6,267.429199
0,-3.137695,-2,266.000977
1,6389816177,1445792,31257938,638995808,7121292,518,266
0,3.051270,9,265.847168
0,3.105957,-12,266.022949
1,6389816106,1445792,31257831,638995886,7121249,519,266
0,3.082520,2,266.132812
0,-3.078613,-21,266.088867
1,6389816033,1445792,31257779,638995944,7121228,520,266
0,-3.013184,3,265.935059
0,3.117676,-1,265.605469
1,6389815970,1445792,31257730,638996011,7121209,521,265
0,3.125488,3,265.363770
0,3.121582,-8,264.045410
1,6389815908,1445792,31257680,638996060,7121189,522,264
0,2.992676,-9,263.408203
0,2.926270,0,261.826172
1,6389816375,1445792,31258126,638995610,7121368,523,261
0,2.948730,0,261.430664
0,3.052246,4,259.343262
1,6389815951,1445792,31257681,638996053,7121189,524,259
0,3.098145,-15,258.969727
0,-3.073730,-6,257.651367
1,6389816352,1445792,31258070,638995670,7121345,525,257
0,2.996582,-21,257.211914
0,2.870605,-21,255.629883
1,6389816260,1445792,31257963,638995754,7121302,526,255
0,-3.086426,-9,255.080566
0,2.928223,-14,253.564453
1,6389816058,1445792,31257773,638995945,7121226,527,253
0,3.013184,-22,253.256836
0,2.977051,-21,251.850586
1,6389816215,1445792,31257941,638995799,7121294,528,251
0,3.109863,-11,251.411133
0,2.859863,-15,250.070801
1,6389816115,1445792,31257822,638995900,7121246,529,250
0,2.949707,-7,249.763184
0,3.017090,-31,248.422852
1,6389816121,1445792,31257856,638995878,7121260,530,248
0,2.844238,-8,248.181152
0,2.967285,-9,246.599121
1,6389816228,1445792,31257944,638995801,7121295,531,246
0,2.924316,-7,246.599121
0,2.794922,-12,245.346680
1,6389816107,1445792,31257819,638995920,7121244,532,245
0,2.691406,-8,245.017090
0,2.969238,-9,244.511719
1,6389816192,1445792,31257906,638995840,7121280,533,244
0,2.838867,-25,244.423828
0,2.856934,-16,243.325195
1,6389816272,1445792,31257984,638995764,7121311,534,243
0,2.858887,-17,242.973633
0,2.875488,-14,242.072754
1,6389816087,1445792,31257789,638995948,7121233,535,242
0,2.668945,-4,241.940918
0,2.833984,-8,241.040039
1,6389816169,1445792,31257877,638995867,7121268,536,241
0,2.854980,-16,240.534668
0,2.906738,-17,238.579102
1,6389815982,1445792,31257682,638996059,7121189,537,238
0,2.969238,-26,238.073730
0,3.105957,-12,237.041016
1,6389816077,1445792,31257767,638995969,7121223,538,237
0,2.801758,-17,236.909180
0,2.969238,-12,236.162109
1,6389816122,1445792,31257816,638995923,7121243,539,236
0,2.782227,-10,236.052246
0,2.894043,-11,235.085449
1,6389815977,1445792,31257678,638996073,7121188,540,235
0,3.014160,-11,234.909668
0,-3.067871,-15,233.701172
1,6389816346,1445792,31258031,638995722,7121330,541,233
0,3.082520,-20,233.503418
0,-3.039551,-8,232.800293
1,6389816205,1445792,31257881,638995866,7121270,542,232
0,3.073730,-12,232.360840
0,-3.017090,-21,231.240234
1,6389816041,1445792,31257723,638996023,7121206,543,231
0,2.930176,-26,230.954590
0,-2.831543,-18,230.053711
1,6389815894,1445792,31257565,638995671,7121133,544,230
0,-2.918457,-19,229.680176
0,-2.752930,-27,229.042969
1,6389816241,1445792,31257904,638995841,7121279,545,229
0,-2.615234,-5,228.889160
0,-2.801758,-21,228.164062
1,6389815976,1445792,31257658,638995566,7121170,546,228
0,-2.735352,-34,228.076172
0,-2.413574,-9,226.933594
1,6389816033,1445792,31257692,638996056,7121193,547,226
0,-2.583984,-16,226.691895
0,-2.588867,-9,225.878906
1,6389816294,1445792,31257963,638995791,7121302,548,225
0,-2.549805,-10,225.659180
0,-2.538086,0,225.153809
1,6389816066,1445792,31257757,638996004,7121220,549,225
0,-2.338867,-2,224.934082
0,-2.368164,-2,224.077148
1,6389816359,1445792,31258059,638995713,7121342,550,224
0,-2.339844,-4,223.835449
0,-2.296875,15,222.758789
1,6389816197,1445792,31257879,638995886,7121269,551,222
0,-2.489258,10,222.407227
0,-2.217285,7,221.242676
1,6389815946,1445792,31257586,638995616,7121140,552,221
0,-2.355469,6,220.649414
0,-2.044922,8,218.913574
1,6389815981,1445792,31257667,638995566,7121174,553,218
0,-2.359375,3,218.540039
0,-2.104492,8,217.705078
1,6389815996,1445792,31257646,638995556,7121164,554,217
0,-2.185059,6,217.617188
0,-1.974609,12,216.650391
1,6389816352,1445792,31258029,638995731,7121329,555,216
0,-2.206543,8,216.342773
0,-2.026367,0,214.848633
1,6389816339,1445792,31258013,638995734,7121322,556,214
0,-1.910645,5,214.343262
0,-2.089844,9,213.398438
1,18446742980587739952,1445792,31257801,638995952,26,557,213
0,-1.939453,10,213.222656
0,-2.074219,-10,212.233887
1,6389815956,1445792,31257621,638995601,7121155,558,212
0,-2.013672,-10,212.189941
0,-2.064453,6,211.333008
1,6389816306,1445792,31257953,638995788,7121298,559,211
0,-1.835449,5,211.223145
0,-1.879395,18,210.563965
1,6389815981,1445792,31257665,638995585,7121173,560,210
0,-2.000977,8,210.410156
0,-1.863770,6,209.816895
1,6389816243,1445792,31257912,638995842,7121282,561,209
0,-1.812012,3,209.663086
0,-2.021484,2,209.135742
1,6389816253,1445792,31257899,638995820,7121276,562,209
0,-1.899902,3,208.564453
0,-1.887207,4,207.641602
1,6389816324,1445792,31257992,638995757,7121314,563,207
0,-1.991211,8,207.399902
0,-1.982422,0,206.784668
1,6389816304,1445792,31257982,638995773,7121310,564,206
0,-1.928711,8,206.674805
0,-1.779785,4,205.839844
1,6389816378,1445792,31258047,638995697,7121336,565,205
0,-1.853027,7,205.751953
0,-1.706055,-7,205.004883
1,6389816209,1445792,31257865,638995871,7121263,566,205
0,-1.686523,0,205.070801
0,-1.821777,2,204.389648
1,6389816391,1445792,31258024,638995694,7121326,567,204
0,-1.725586,1,204.455566
0,-1.408203,0,203.818359
1,6389816209,1445792,31257848,638995874,7121255,568,203
0,-1.729492,-2,203.686523
0,-1.636719,1,202.368164
1,6389816199,1445792,31257837,638995879,7121251,569,202
0,-1.581543,5,201.928711
0,-1.840332,-4,201.115723
1,6389815956,1445792,31257601,638995605,7121147,570,201
0,-1.443848,-6,201.093750
0,-1.273438,-22,200.324707
1,6389816006,1445792,31257606,638995564,7121148,571,200
0,-1.524902,-10,200.170898
0,-1.804199,-3,199.401855
1,6389816270,1445792,31257897,638995818,7121275,572,199
0,-1.643555,-11,199.182129
0,-1.659180,-8,198.610840
1,6389816015,1445792,31257621,638995567,7121154,573,198
0,-1.399414,-24,198.544922
0,-1.695312,-28,197.622070
1,6389816058,1445792,31257661,638995525,7121170,574,197
0,-1.608887,-2,197.446289
0,-1.390625,-5,196.479492
1,6389816297,1445792,31257901,638995797,7121277,575,196
0,-1.690430,-37,196.171875
0,-1.679688,-35,195.490723
1,6389816337,1445792,31257943,638995754,7121293,576,195
0,-1.664062,-35,195.380859
0,-1.437988,-38,194.436035
1,6389816074,1445792,31257644,638995510,7121162,577,194
0,-1.725586,-17,194.062500
0,-1.581543,-32,192.634277
1,6389816312,1445792,31257930,638995766,7121288,578,192
0,-1.291992,-8,192.194824
0,-1.028809,-31,191.118164
1,6389816075,1445792,31257694,638996006,7121193,579,191
0,-1.413086,-23,190.854492
0,-1.428711,-17,190.195312
1,6389816065,1445792,31257679,638996034,7121188,580,190
0,-1.256836,-29,190.085449
0,-1.366211,-4,189.580078
1,6389816100,1445792,31257721,638996005,7121205,581,189
0,-1.481934,-4,189.360352
0,-1.277344,-24,188.767090
1,6389816092,1445792,31257708,638995984,7121199,582,188
0,-1.361328,-27,188.503418
0,-1.543457,-39,187.360840
1,6389816374,1445792,31257959,638995709,7121299,583,187
0,-1.259766,-15,187.207031
0,-1.140137,-40,186.196289
1,6389816116,1445792,31257735,638995951,7121210,584,186
0,-1.137207,-35,186.218262
0,-1.183105,-10,185.339355
1,6389815897,1445792,31257508,638995683,7121109,585,185
0,-0.772461,-35,185.119629
0,-1.338867,-42,184.284668
1,6389815900,1445792,31257508,638995682,7121109,586,184
0,-1.382812,-29,184.240723
0,-1.270508,-57,183.295898
1,6389816152,1445792,31257759,638995934,7121219,587,183
0,-0.866699,-27,183.317871
0,-0.568359,-46,182.592773
1,6389816151,1445792,31257758,638995944,7121219,588,182
0,-1.010742,-23,182.416992
0,-1.110840,-18,181.560059
1,6389816402,1445792,31257993,638995717,7121313,589,181
0,-0.940430,-31,181.362305
0,-0.828613,-15,180.681152
1,6389816379,1445792,31257955,638995754,7121298,590,180
0,-1.046387,-17,180.659180
0,-0.852051,-20,180.000000
1,6389816089,1445792,31257693,638996031,7121193,591,180
0,-0.752930,-36,179.912109
0,-0.568359,-37,178.791504
1,6389816352,1445792,31257930,638995761,7121288,592,178
0,-0.755859,-28,178.439941
0,-0.531250,-7,177.275391
1,6389816321,1445792,31257906,638995825,7121279,593,177
0,-0.718750,-19,177.187500
0,-0.582031,-25,176.616211
1,6389816033,1445792,31257603,638995562,7121146,594,176
0,-0.730469,-9,176.352539
0,-0.527344,-5,175.693359
1,6389816025,1445792,31257621,638995572,7121154,595,175
0,-0.640625,-15,175.539551
0,-0.635742,-22,174.748535
1,6389816242,1445792,31257819,638995857,7121243,596,174
0,-0.753906,-11,174.836426
0,-0.616211,-17,174.880371
1,6389816220,1445792,31257807,638995883,7121239,597,174
0,-0.511719,-24,174.726562
0,-0.878418,-29,174.792480
1,6389816203,1445792,31257800,638995903,7121236,598,174
0,-0.645508,-1,174.748535
0,-0.589844,-1,174.726562
1,6389815908,1445792,31257510,638995690,7121110,599,174
0,-0.646484,1,174.770508
0,-0.324707,-43,174.528809
1,6389816154,1445792,31257759,638995938,7121219,600,174
0,-0.535156,-12,174.550781
0,-0.398438,-37,174.177246
1,6389816403,1445792,31258003,638995690,7121317,601,174
0,-0.551758,-24,174.133301
0,-0.352051,-31,173.715820
1,6389816402,1445792,31257976,638995705,7121306,602,173
0,-0.355957,-21,173.715820
0,-0.661133,3,173.759766
1,6389816392,1445792,31257958,638995739,7121299,603,173
0,-0.357910,1,173.759766
0,-0.420898,-12,173.803711
1,6389816352,1445792,31257970,638995733,7121304,604,173
0,-0.682617,-25,173.979492
0,-0.666992,1,174.770508
1,6389816124,1445792,31257695,638996012,7121194,605,174
0,-0.363770,-21,175.034180
0,-0.909668,-3,175.847168
1,6389816077,1445792,31257651,638995544,7121166,606,175
0,-0.563477,-21,176.154785
0,-0.738281,-35,176.572266
1,6389816106,1445792,31257673,638995504,7121175,607,176
0,-0.627930,-30,176.660156
0,-0.816895,-8,177.451172
1,6389816022,1445792,31257596,638995601,7121144,608,177
0,-0.780273,-13,177.780762
0,-0.512695,-7,178.593750
1,6389816241,1445792,31257837,638995868,7121251,609,178
0,-0.779297,-27,178.791504
0,-0.836426,-28,179.340820
1,6389815976,1445792,31257549,638995626,7121125,610,179
0,-0.960938,-34,179.692383
0,-1.069824,-9,180.131836
1,6389816218,1445792,31257769,638995923,7121223,611,180
0,-1.253906,-31,180.175781
0,-0.886230,-43,180.483398
1,6389816197,1445792,31257760,638995944,7121220,612,180
0,-1.082520,-27,180.571289
0,-0.878418,-15,181.010742
1,6389816382,1445792,31257959,638995744,7121300,613,181
0,-0.967773,-44,181.296387
0,-0.976562,-13,181.911621
1,6389816339,1445792,31257900,638995808,7121276,614,181
0,-0.666992,-8,182.043457
0,-1.272461,-18,182.768555
1,6389816289,1445792,31257864,638995848,7121262,615,182
0,-0.949219,-17,182.878418
0,-1.237305,-19,183.757324
1,6389815997,1445792,31257570,638995615,7121134,616,183
0,-1.067871,-17,184.174805
0,-1.382812,-15,185.427246
1,6389816259,1445792,31257820,638995871,7121244,617,185
0,-0.988281,-29,185.712891
0,-1.470215,-9,186.657715
1,6389816030,1445792,31257590,638995607,7121142,618,186
0,-1.048340,-36,186.833496
0,-0.659180,-39,187.470703
1,6389815940,1445792,31257495,638995691,7121103,619,187
0,-1.300781,-37,187.602539
0,-1.150879,-41,188.239746
1,6389816125,1445792,31257662,638995512,7121170,620,188
0,-1.079590,-40,188.459473
0,-1.032715,-45,188.854980
1,6389816072,1445792,31257619,638995564,7121153,621,188
0,-1.095215,-11,189.096680
0,-1.225098,-29,189.733887
1,6389816240,1445792,31257825,638995884,7121246,622,189
0,-0.956055,-18,190.393066
0,-1.390625,-36,192.348633
1,6389815993,1445792,31257566,638995625,7121132,623,192
0,-1.199707,-11,192.546387
0,-1.424805,-26,192.985840
1,6389816239,1445792,31257814,638995900,7121242,624,192
0,-1.611816,-34,193.051758
0,-1.324219,-16,193.623047
1,6389816001,1445792,31257516,638995658,7121111,625,193
0,-1.357422,-3,193.688965
0,-1.470215,-8,194.304199
1,6389816220,1445792,31257778,638995931,7121227,626,194
0,-1.536621,-11,194.501953
0,-1.464355,-5,194.985352
1,6389815948,1445792,31257484,638995702,7121099,627,194
0,-1.555176,-18,194.897461
0,-1.453613,-22,195.490723
1,6389816186,1445792,31257747,638995969,7121215,628,195
0,-1.135254,-12,195.820312
0,-1.234375,-9,197.072754
1,6389816111,1445792,31257641,638995543,7121162,629,197
0,-1.358398,-12,197.468262
0,-1.390625,-20,198.171387
1,6389815990,1445792,31257527,638995655,7121116,630,198
0,-1.461426,-7,198.347168
0,-1.517090,-15,199.489746
1,6389816219,1445792,31257763,638995955,7121222,631,199
0,-1.613770,-6,199.511719
0,-1.470215,-7,200.588379
1,6389815916,1445792,31257455,638995749,7121087,632,200
0,-1.812012,-10,200.500488
0,-1.817871,1,201.599121
1,6389815988,1445792,31257513,638995699,7121111,633,201
0,-1.615723,-2,201.665039
0,-1.569824,-13,202.346191
1,6389816102,1445792,31257632,638995588,7121159,634,202
0,-1.586426,-10,202.719727
0,-1.751465,-1,204.038086
1,6389815992,1445792,31257522,638995691,7121114,635,204
0,-1.459473,-6,204.257812
0,-1.390625,2,204.785156
1,6389816376,1445792,31257914,638995818,7121282,636,204
0,-1.764160,-10,204.916992
0,-1.698242,3,205.400391
1,6389815991,1445792,31257521,638995702,7121114,637,205
0,-1.882324,-29,205.620117
0,-1.844238,-24,205.993652
1,6389816393,1445792,31257896,638995826,7121275,638,205
0,-1.818848,-7,206.191406
0,-1.615723,1,206.718750
1,6389815972,1445792,31257494,638995743,7121104,639,206
0,-1.679688,-5,207.004395
0,-1.678711,-7,207.246094
1,6389816056,1445792,31257573,638995660,7121135,640,207
0,-1.825684,-10,207.553711
0,-1.764160,12,207.619629
1,6389815896,1445792,31257389,638995837,7121062,641,207
0,-1.804199,2,207.597656
0,-1.569824,2,208.212891
1,6389815978,1445792,31257497,638995741,7121105,642,208
0,-1.794434,5,208.344727
0,-1.657227,10,209.333496
1,6389816286,1445792,31257794,638995951,7121234,643,209
0,-1.607910,-10,209.619141
0,-1.905762,9,209.926758
1,6389815920,1445792,31257438,638995817,7121082,644,209
0,-1.714844,0,210.080566
0,-2.068359,4,210.388184
1,6389816040,1445792,31257549,638995682,7121126,645,210
0,-1.721680,-20,210.454102
0,-2.030273,1,210.871582
1,6389816210,1445792,31257654,638995551,7121167,646,210
0,-1.703125,2,210.673828
0,-1.867676,3,211.486816
1,6389816303,1445792,31257781,638995932,7121229,647,211
0,-2.049805,10,211.442871
0,-1.905762,10,211.948242
1,6389815924,1445792,31257432,638995813,7121079,648,211
0,-1.949219,13,212.233887
0,-1.623535,3,212.255859
1,6389816064,1445792,31257564,638995675,7121132,649,212
0,-1.832520,6,212.343750
0,-1.986328,11,212.673340
1,6389815900,1445792,31257374,638995850,7121055,650,212
0,-2.075195,7,212.541504
0,-2.052734,-2,213.178711
1,6389816016,1445792,31257508,638995722,7121109,651,213
0,-2.107422,16,213.508301
0,-1.975586,7,214.387207
1,6389816130,1445792,31257630,638995614,7121158,652,214
0,-2.010742,12,214.409180
0,-1.989258,10,213.859863
1,6389816241,1445792,31257752,638996006,7121217,653,213
0,-2.040039,3,213.552246
0,-1.969727,17,213.508301
1,6389816359,1445792,31257850,638995896,7121257,654,213
0,-1.932617,12,213.310547
0,-2.271973,17,214.035645
1,6389815961,1445792,31257440,638995786,7121082,655,214
0,-1.898926,6,214.123535
0,-1.939453,6,214.804688
1,6389816084,1445792,31257581,638995678,7121139,656,214
0,-2.114746,12,215.024414
0,-2.116699,11,215.441895
1,6389816347,1445792,31257826,638995930,7121247,657,215
0,-2.161621,21,215.661621
0,-2.202637,18,216.694336
1,6389816366,1445792,31257871,638995908,7121266,658,216
0,-2.222168,11,217.221680
0,-2.005859,13,219.221191
1,6389816395,1445792,31257838,638995884,7121251,659,219
0,-2.028320,21,219.550781
0,-2.033203,12,220.649414
1,6389816181,1445792,31257656,638995566,7121168,660,220
0,-2.233887,11,221.132812
0,-2.397949,10,221.770020
1,6389815939,1445792,31257437,638995819,7121082,661,221
0,-2.204590,10,221.923828
0,-2.295898,10,222.429199
1,6389816028,1445792,31257514,638995750,7121113,662,222
0,-2.229004,8,222.429199
0,-2.283691,4,223.220215
1,6389816100,1445792,31257570,638995679,7121134,663,223
0,-2.390625,10,223.374023
0,-2.248535,6,223.923340
1,6389816025,1445792,31257503,638995756,7121108,664,223
0,-2.321289,4,224.230957
0,-2.510742,6,224.758301
1,6389816025,1445792,31257502,638995762,7121107,665,224
0,-2.522461,5,224.978027
0,-2.409668,9,225.505371
1,6389816090,1445792,31257559,638995698,7121130,666,225
0,-2.440918,-2,225.637207
0,-2.316406,-1,226.560059
1,6389816169,1445792,31257630,638995624,7121159,667,226
0,-2.531250,-18,226.538086
0,-2.507812,-4,227.241211
1,6389816252,1445792,31257698,638996074,7121196,668,227
0,-2.588867,-12,227.263184
0,-2.727539,-26,227.592773
1,6389816291,1445792,31257730,638996034,7121209,669,227
0,-2.514648,-6,228.010254
0,-2.472168,-5,228.515625
1,6389816035,1445792,31257482,638995796,7121100,670,228
0,-2.729492,-18,228.449707
0,-2.749023,-35,228.889160
1,6389816252,1445792,31257692,638996062,7121193,671,228
0,-2.557617,-29,229.196777
0,-2.714844,-29,229.614258
1,6389816200,1445792,31257625,638995615,7121157,672,229
0,-2.722656,-34,229.943848
0,-2.646484,-25,230.405273
1,6389816151,1445792,31257562,638995680,7121131,673,230
0,-2.977051,-31,230.668945
0,-2.723633,-44,231.701660
1,6389816389,1445792,31257812,638995939,7121241,674,231
0,-2.916504,-46,232.009277
0,-3.046387,-54,233.393555
1,6389816086,1445792,31257486,638995746,7121100,675,233
0,-2.786133,-35,233.547363
0,-2.897949,-38,233.920898
1,6389816228,1445792,31257623,638995607,7121155,676,233
0,-2.657227,-55,234.096680
0,3.044434,-42,234.624023
1,6389816233,1445792,31257633,638995596,7121159,677,234
0,-3.094238,-44,234.645996
0,3.012207,-48,235.085449
1,6389816236,1445792,31257645,638995578,7121164,678,235
0,3.023926,-54,235.327148
0,-3.020020,-55,236.030273
1,6389816346,1445792,31257735,638996000,7121210,679,236
0,-3.017090,-56,236.228027
0,-3.000488,-68,236.843262
1,6389816343,1445792,31257722,638995999,7121205,680,236
0,2.840332,-60,236.909180
0,3.087402,-55,237.348633
1,6389816341,1445792,31257699,638996024,7121195,681,237
0,3.039551,-56,237.392578
0,-3.078613,-69,237.897949
1,6389816318,1445792,31257687,638996049,7121191,682,237
0,-3.137695,-62,238.139648
0,-3.102539,-62,238.908691
1,6389816293,1445792,31257651,638995563,7121166,683,238
0,-3.134277,-61,239.084473
0,-3.134277,-59,239.611816
1,6389816343,1445792,31257684,638996045,7121189,684,239
0,3.098145,-68,239.919434
0,3.068848,-73,240.556641
1,6389815970,1445792,31257310,638995896,7121029,685,240
0,2.952637,-58,240.622559
0,2.905762,-61,241.325684
1,6389816122,1445792,31257467,638995751,7121092,686,241
0,2.953613,-63,241.479492
0,-3.102539,-64,242.314453
1,6389816102,1445792,31257441,638995762,7121082,687,242
0,-3.102051,-36,242.622070
0,2.941895,-63,243.303223
1,6389816035,1445792,31257384,638995815,7121059,688,243
0,2.572266,-63,243.457031
0,-0.146973,123,243.962402
1,6389816106,1445792,31257437,638995963,7121084,689,243
0,3.078613,-72,244.138184
0,2.821289,-77,244.687500
1,6389816211,1445792,31257516,638995673,7121111,690,244
0,2.778320,-60,244.929199
0,2.886230,-65,245.830078
1,6389816146,1445792,31257460,638995743,7121089,691,245
0,2.854980,-73,245.917969
0,2.983887,-66,246.752930
1,6389816092,1445792,31257387,638995817,7121060,692,246
0,3.074707,-49,247.016602
0,-0.081543,132,247.829590
1,6389816130,1445792,31257443,638995956,7121086,693,247
0,2.861816,-61,248.181152
0,2.996582,-55,248.664551
1,6389815971,1445792,31257280,638995939,7121017,694,248
0,-3.106445,-64,248.818359
0,-3.043457,-51,249.719238
1,6389816038,1445792,31257328,638995879,7121037,695,249
0,3.121582,-56,249.895020
0,2.941895,-41,250.861816
1,6389815954,1445792,31257241,638995987,7121002,696,250
0,3.014160,-51,250.883789
0,3.093262,-46,251.828613
1,6389816356,1445792,31257651,638995569,7121166,697,251
0,3.069824,-38,252.070312
0,3.078613,-32,252.949219
1,6389816246,1445792,31257557,638995674,7121128,698,252
0,-3.138184,-40,253.256836
0,-3.118164,-34,253.740234
1,6389816146,1445792,31257458,638995773,7121089,699,253
0,3.117676,-28,254.069824
0,3.059082,-49,254.575195
1,6389816316,1445792,31257613,638995614,7121151,700,254
0,2.939941,-22,254.750977
0,2.984863,-31,255.102539
1,6389816095,1445792,31257388,638995840,7121061,701,255
0,-3.043457,-40,255.234375
0,-3.098633,-33,255.651855
1,6389816163,1445792,31257438,638995804,7121081,702,255
0,-2.949707,-47,255.651855
0,-3.013184,-29,256.311035
1,6389816223,1445792,31257494,638995745,7121103,703,256
0,3.012207,-12,256.596680
0,3.070801,-22,257.255859
1,6389816040,1445792,31257323,638995916,7121035,704,257
0,-3.141602,-34,257.563477
0,2.941895,-21,258.420410
1,6389816025,1445792,31257309,638995933,7121029,705,258
0,3.117676,-35,258.596191
0,-3.110352,-33,259.453125
1,6389816076,1445792,31257367,638995880,7121053,706,259
0,-2.955566,-12,259.519043
0,-3.024902,-16,260.266113
1,6389816104,1445792,31257407,638995851,7121069,707,260
0,-2.972168,-21,260.529785
0,-3.051270,-27,261.452637
1,6389816154,1445792,31257432,638995812,7121079,708,261
0,3.094238,-9,261.694336
0,3.141113,-26,262.573242
1,6389815901,1445792,31257168,638996083,7120973,709,262
0,-2.905762,-6,262.727051
0,-3.036621,4,263.342285
1,6389816228,1445792,31257504,638995753,7121108,710,263
0,-3.137695,-9,263.518066
0,-3.070801,-10,264.616699
1,6389816206,1445792,31257492,638995783,7121103,711,264
0,-3.082520,-9,264.770508
0,-2.984863,-3,265.319824
1,6389816225,1445792,31257502,638995766,7121107,712,265
0,-3.063965,4,265.495605
0,-3.129883,10,266.528320
1,6389816226,1445792,31257499,638995780,7121106,713,266
0,-2.731445,1,266.989746
0,-2.996582,10,267.912598
1,6389816168,1445792,31257439,638995836,7121082,714,267
0,-2.992676,7,268.264160
0,-3.141602,6,269.428711
1,6389815964,1445792,31257239,638996052,7121002,715,269
0,-3.103516,9,269.582520
0,-3.043457,-16,270.812988
1,6389816258,1445792,31257509,638995757,7121110,716,270
0,3.102051,-8,270.966797
0,-3.040527,5,270.571289
1,6389816039,1445792,31257291,638995988,7121022,717,270
0,-3.051270,-13,270.593262
0,-2.895020,-6,270.615234
1,6389816333,1445792,31257583,638995680,7121140,718,270
0,-3.042480,-4,270.527344
0,-3.015137,-4,271.076660
1,6389816142,1445792,31257394,638995872,7121064,719,271
0,-2.917480,-1,271.120605
0,-2.926270,6,271.691895
1,6389815911,1445792,31257139,638995594,7120951,720,271
0,-2.821289,-12,272.021484
0,-2.763672,2,272.351074
1,6389816067,1445792,31257337,638995940,7121041,721,272
0,-2.913574,-2,272.416992
0,-2.793945,0,273.098145
1,6389816289,1445792,31257539,638995736,7121122,722,273
0,-2.949707,-1,273.273926
0,-2.865723,-12,273.669434
1,6389816060,1445792,31257308,638995964,7121029,723,273
0,-2.953613,0,273.977051
0,-2.863770,5,274.570312
1,6389815978,1445792,31257221,638996060,7120995,724,274
0,-2.790039,0,274.658203
0,-2.882324,9,275.603027
1,6389815956,1445792,31257197,638996081,7120985,725,275
0,-2.698242,-1,275.910645
0,-2.510742,-3,276.613770
1,6389816098,1445792,31257356,638995924,7121049,726,276
0,-2.688477,4,276.789551
0,-2.742188,3,277.646484
1,6389816378,1445792,31257640,638995647,7121163,727,277
0,-2.634766,0,277.888184
0,-2.633789,-3,279.008789
1,6389816031,1445792,31257275,638996017,7121017,728,279
0,-2.843262,0,279.250488
0,-2.718750,6,279.953613
1,6389815960,1445792,31257198,638996082,7120986,729,279
0,-2.756836,-2,279.997559
0,-2.557617,2,280.898438
1,6389816110,1445792,31257365,638995930,7121053,730,280
0,-2.764648,6,281.140137
0,-2.977051,13,281.843262
1,6389816372,1445792,31257614,638995675,7121152,731,281
0,-2.483398,-2,282.019043
0,-2.668945,2,282.590332
1,6389816109,1445792,31257352,638995935,7121048,732,282
0,-2.638672,1,282.766113
0,-2.574219,2,283.403320
1,6389816360,1445792,31257620,638995685,7121155,733,283
0,-2.398926,-5,283.557129
0,-2.569336,6,284.677734
1,6389816100,1445792,31257339,638995976,7121043,734,284
0,-2.395020,2,285.007324
0,-2.495117,-1,285.820312
1,6389816337,1445792,31257578,638995728,7121138,735,285
0,-2.499023,6,285.996094
0,-2.504883,-1,287.072754
1,6389815984,1445792,31257241,638996068,7121003,736,287
0,-2.372070,4,287.292480
0,-2.600586,5,287.907715
1,6389815911,1445792,31257160,638995649,7120961,737,287
0,-2.313477,4,288.303223
0,-2.148926,-6,289.313965
1,6389816340,1445792,31257577,638995736,7121138,738,289
0,-2.251465,-9,289.643555
0,-2.180176,-3,290.786133
1,6389816261,1445792,31257505,638995801,7121109,739,290
0,-2.192871,-4,291.115723
0,-2.309570,6,291.796875
1,6389816144,1445792,31257380,638995932,7121059,740,291
0,-2.343750,7,291.928711
0,-2.180176,-1,292.631836
1,6389816068,1445792,31257304,638996001,7121028,741,292
0,-2.272949,1,292.939453
0,-2.115234,0,293.686523
1,6389816168,1445792,31257422,638995901,7121076,742,293
0,-2.229980,2,293.774414
0,-2.199707,2,294.169922
1,6389816089,1445792,31257313,638995997,7121032,743,294
0,-2.437988,-8,294.235840
0,-2.230957,0,294.960938
1,6389816208,1445792,31257438,638995875,7121082,744,294
0,-2.218262,-5,295.070801
0,-2.268066,-6,295.664062
1,6389816296,1445792,31257512,638995794,7121112,745,295
0,-2.047852,6,295.927734
0,-2.257324,-5,296.301270
1,6389816171,1445792,31257400,638995914,7121067,746,296
0,-2.203613,-5,296.520996
0,-2.132324,-9,297.883301
1,6389815996,1445792,31257214,638996105,7120993,747,297
0,-1.935547,-4,298.344727
0,-1.946289,-26,299.970703
1,6389816198,1445792,31257414,638995890,7121072,748,299
0,-1.985352,-11,300.322266
0,-1.993164,-18,301.267090
1,6389816376,1445792,31257566,638995723,7121133,749,301
0,-1.879395,-7,301.596680
0,-2.024414,-9,303.046875
1,6389816366,1445792,31257562,638995737,7121132,750,303
0,-1.895020,-12,303.508301
0,-1.878418,-10,304.584961
1,6389816174,1445792,31257372,638995928,7121055,751,304
0,-1.963867,-18,304.804688
0,-1.930664,-16,305.617676
1,6389816374,1445792,31257569,638995719,7121134,752,305
0,-1.699219,-15,305.749512
0,-2.130371,-26,306.386719
1,6389816226,1445792,31257426,638995881,7121077,753,306
0,-1.818848,-22,306.496582
0,-1.892090,-17,307.463379
1,6389816090,1445792,31257267,638996036,7121014,754,307
0,-2.207520,-26,307.814941
0,-1.812012,-11,308.957520
1,6389816140,1445792,31257312,638995991,7121031,755,308
0,-1.819824,-7,309.221191
0,-1.752441,-20,310.341797
1,6389815982,1445792,31257168,638996134,7120974,756,310
0,-1.656250,-13,310.583496
0,-1.624512,-20,311.000977
1,6389816319,1445792,31257479,638995814,7121098,757,311
0,-1.636719,-28,310.979004
0,-1.524902,-14,310.539551
1,6389816099,1445792,31257259,638996045,7121010,758,310
0,-1.651367,-28,310.363770
0,-1.659180,-26,308.562012
1,6389816135,1445792,31257292,638996006,7121023,759,308
0,-1.859863,-15,307.727051
0,-1.703125,-15,307.177734
1,6389816176,1445792,31257321,638995985,7121035,760,307
0,-1.660156,-11,307.023926
0,-1.674805,-17,306.979980
1,6389816292,1445792,31257437,638995869,7121082,761,306
0,-1.598145,-16,306.936035
0,-1.578613,-15,307.089844
1,6389816244,1445792,31257372,638995929,7121055,762,307
0,-1.841309,-29,307.309570
0,-1.675781,-18,307.902832
1,6389816027,1445792,31257150,638995644,7120956,763,307
0,-1.683594,-11,307.990723
0,-1.911621,-13,308.166504
1,6389816116,1445792,31257251,638996054,7121007,764,308
0,-1.884277,-27,308.408203
0,-1.648438,-14,309.155273
1,6389816067,1445792,31257203,638996105,7120988,765,309
0,-1.922363,-20,309.462891
0,-1.655273,-30,310.363770
1,6389816078,1445792,31257219,638996076,7120994,766,310
0,-1.855957,-11,310.583496
0,-1.707031,-20,311.330566
1,6389815911,1445792,31257050,638995738,7120916,767,311
0,-1.354492,-19,311.550293
0,-1.338867,-20,312.692871
1,6389816169,1445792,31257294,638996001,7121024,768,312
0,-1.637695,-20,313.110352
0,-1.604980,-9,314.912109
1,6389816266,1445792,31257396,638995910,7121065,769,314
0,-1.509277,-26,315.417480
0,-1.358398,-5,317.263184
1,6389815995,1445792,31257130,638995674,7120949,770,317
0,-1.408203,-5,317.636719
0,-1.213379,-8,318.823242
1,6389816286,1445792,31257419,638995894,7121075,771,318
0,-1.155762,-5,319.020996
0,-0.955078,-2,320.075684
1,6389816020,1445792,31257124,638995658,7120946,772,320
0,-1.010742,-4,320.295410
0,-0.900879,-10,321.525879
1,6389816103,1445792,31257220,638996076,7120994,773,321
0,-1.140137,2,321.811523
0,-1.014648,0,322.690430
1,6389816313,1445792,31257436,638995869,7121081,774,322
0,-0.757812,-7,322.844238
0,-1.011719,11,324.008789
1,6389815896,1445792,31257001,638995787,7120897,775,324
0,-0.698242,-8,324.382324
0,-0.724609,14,325.480957
1,6389815969,1445792,31257098,638995711,7120936,776,325
0,-0.515625,18,325.722656
0,-0.673828,-3,326.403809
1,6389816040,1445792,31257163,638996141,7120972,777,326
0,-0.515625,1,326.535645
0,-0.784180,2,327.106934
1,6389815897,1445792,31257007,638995789,7120899,778,327
0,-0.879395,6,327.414551
0,-0.542969,0,328.425293
1,6389816376,1445792,31257496,638995814,7121106,779,328
0,-0.500000,15,328.754883
0,-0.631836,-5,330.007324
1,6389816361,1445792,31257485,638995816,7121101,780,330
0,-0.521484,-23,330.270996
0,-0.231934,3,331.325684
1,6389816049,1445792,31257166,638996140,7120973,781,331
0,-0.347168,7,331.743164
0,-0.305176,-3,332.622070
1,6389816034,1445792,31257177,638996134,7120977,782,332
0,-0.264160,16,332.951660
0,-0.256348,2,333.852539
1,6389816306,1445792,31257430,638995872,7121079,783,333
0,-0.039062,10,334.050293
0,-0.135254,-1,334.863281
1,6389815988,1445792,31257111,638995685,7120940,784,334
0,-0.181152,14,335.104980
0,0.019531,1,335.830078
1,6389816180,1445792,31257287,638995996,7121021,785,335
0,0.023438,15,336.005859
0,-0.188965,1,336.708984
1,6389815935,1445792,31257034,638995738,7120909,786,336
0,-0.213379,-29,336.950684
0,0.229004,9,338.049316
1,6389816214,1445792,31257253,638995995,7121007,787,338
0,0.120605,13,338.247070
0,0.231934,15,339.367676
1,6389816166,1445792,31257432,638996047,7121083,788,339
0,-0.062012,-4,339.521484
0,0.072754,9,340.576172
1,6389816223,1445792,31257471,638995993,7121099,789,340
0,-0.116699,-13,340.861816
0,0.011719,2,341.389160
1,6389816250,1445792,31257503,638995947,7121111,790,341
0,0.192871,0,341.630859
0,0.108887,-2,342.180176
1,6389815900,1445792,31257123,638995807,7120949,791,342
0,0.210449,14,342.333984
0,0.081543,16,342.883301
1,6389816111,1445792,31257338,638996108,7121045,792,342
0,0.000000,5,343.081055
0,0.039062,7,343.828125
1,6389816160,1445792,31257377,638996059,7121061,793,343
0,0.102051,-1,343.894043
0,-0.197754,4,344.838867
1,6389816379,1445792,31257564,638995836,7121134,794,344
0,0.065918,-3,345.036621
0,-0.039062,-7,346.311035
1,6389816288,1445792,31257442,638995936,7121085,795,346
0,0.096191,5,346.640625
0,0.113770,-10,346.970215
1,6389815993,1445792,31257109,638995722,7120940,796,346
0,-0.259277,-3,347.014160
0,-0.235840,2,347.365723
1,6389815912,1445792,31257037,638995811,7120912,797,347
0,-0.462891,10,347.475586
0,-0.112793,5,348.332520
1,6389816056,1445792,31257179,638996171,7120979,798,348
0,-0.574219,3,348.354492
0,-0.310059,3,348.837891
1,6389816283,1445792,31257389,638995956,7121063,799,348
0,-0.181152,6,349.145508
0,-0.155762,12,350.485840
1,6389815966,1445792,31257061,638995764,7120921,800,350
0,-0.261230,24,350.925293
0,-0.583984,17,351.979980
1,18446742980587740010,1445792,31257288,638996066,26,801,351
0,-0.568359,13,352.265625
0,-0.341309,49,352.924805
1,6389816057,1445792,31257146,638995725,7120956,802,352
0,-0.433594,4,353.122559
0,-0.924805,19,354.221191
1,6389816250,1445792,31257343,638996002,7121045,803,354
0,-0.616211,24,354.660645
0,-0.991211,62,355.385742
1,6389816155,1445792,31257251,638996126,7121008,804,355
0,-0.791992,14,355.517578
0,-1.581543,76,356.264648
1,6389816365,1445792,31257463,638995939,7121094,805,356
0,-1.058105,23,356.418457
0,-1.214355,86,357.429199
1,6389816066,1445792,31257164,638996228,7120974,806,357
0,-1.144043,91,357.670898
0,-1.074707,87,358.725586
1,6389816182,1445792,31257332,638996070,7121041,807,358
0,-1.562012,104,358.857422
0,-1.131348,96,0.021973
1,6389816320,1445792,31257488,638995926,7121104,808,0
0,-1.436035,122,0.065918
0,-0.943359,147,0.571289
1,6389815982,1445792,31257159,638995785,7120963,809,0
0,-1.184082,134,0.637207
0,-1.247070,130,1.076660
1,6389816168,1445792,31257369,638996073,7121057,810,1
0,-1.501465,127,1.120605
0,-1.687500,145,0.747070
1,6389816170,1445792,31257360,638996096,7121053,811,0
0,-1.381836,142,0.571289
0,-1.410156,137,1.186523
1,6389816209,1445792,31257399,638996053,7121069,812,1
0,-1.429688,142,1.296387
0,-1.502441,129,1.582031
1,6389816196,1445792,31257374,638996062,7121059,813,1
0,-1.293945,138,1.625977
0,-1.261719,152,2.021484
1,6389816177,1445792,31257366,638996109,7121056,814,2
0,-1.303711,144,2.065430
0,-1.565918,152,1.625977
1,6389816198,1445792,31257366,638996087,7121056,815,1
0,-1.256836,129,1.384277
0,-1.496582,132,0.878906
1,6389816352,1445792,31257510,638995926,7121113,816,0
0,-1.728516,135,0.747070
0,-1.594238,128,0.834961
1,6389816213,1445792,31257373,638996060,7121059,817,0
0,-1.466309,126,0.703125
0,-1.406250,138,1.274414
1,6389816080,1445792,31257244,638996209,7121007,818,1
0,-1.135254,139,1.538086
0,-1.436035,153,1.845703
1,6389815919,1445792,31257103,638995862,7120941,819,1
0,-1.090332,137,1.582031
0,-1.480957,155,0.988770
1,6389816076,1445792,31257249,638996217,7121010,820,0
0,-1.214355,132,0.527344
0,-1.241211,133,359.912109
1,6389816216,1445792,31257392,638996063,7121066,821,359
0,-1.543457,138,0.043945
0,-1.438965,144,359.340820
1,6389816079,1445792,31257244,638996217,7121007,822,359
0,-1.302734,115,358.483887
0,-0.085449,28,350.222168
1,6389816158,1445792,31257316,638996036,7121034,823,350
0,-0.185059,20,348.354492
0,-0.044922,20,344.465332
1,6389816113,1445792,31257212,638996164,7120993,824,344
0,0.031250,4,344.113770
0,0.322754,3,344.113770
1,6389816094,1445792,31257167,638996184,7120974,825,344
0,0.196777,1,344.641113
0,0.178223,13,347.167969
1,6389816061,1445792,31257111,638995709,7120941,826,347
0,-0.188965,11,347.387695
0,-0.338379,-2,347.475586
1,6389816063,1445792,31257119,638995704,7120945,827,347
0,-0.119629,17,347.541504
0,0.281738,11,347.541504
1,6389815919,1445792,31256965,638995843,7120883,828,347
0,0.068848,0,347.673340
0,0.115723,4,347.651367
1,6389816312,1445792,31257326,638995984,7121037,829,347
0,-0.131348,-7,347.673340
0,-0.208496,-1,347.651367
1,6389816159,1445792,31257194,638996129,7120984,830,347
0,-0.124512,3,347.761230
0,-0.097168,4,347.717285
1,6389816211,1445792,31257253,638996068,7121008,831,347
0,-0.235840,5,347.651367
0,-0.093262,-5,347.739258
1,6389816374,1445792,31257429,638995907,7121079,832,347
0,-0.228027,4,347.717285
0,0.151855,0,347.717285
1,6389816229,1445792,31257275,638996060,7121017,833,347
0,-0.038086,11,347.739258
0,-0.310059,12,347.717285
1,6389816181,1445792,31257238,638996113,7121003,834,347
0,0.116699,2,347.695312
0,-0.096191,1,347.783203
1,6389816156,1445792,31257190,638996131,7120983,835,347
0,-0.062012,10,347.695312
0,-0.003906,0,347.783203
1,6389816132,1445792,31257179,638996137,7120978,836,347
0,-0.031250,-5,347.827148
0,-0.224121,12,347.783203
1,6389816283,1445792,31257326,638995996,7121037,837,347
0,-0.068848,4,347.849121
0,-0.305176,2,347.849121
1,6389816145,1445792,31257186,638996138,7120981,838,347
0,0.064941,4,347.739258
0,0.119629,5,347.849121
1,6389816291,1445792,31257329,638995993,7121038,839,347
0,0.196777,6,347.849121
0,0.007812,4,348.002930
1,6389815913,1445792,31256981,638995846,7120889,840,348
0,-0.003906,7,347.937012
0,0.098145,5,347.958984
1,6389816006,1445792,31257049,638995766,7120916,841,347
0,-0.092285,4,347.893066
0,-0.139160,6,347.871094
1,6389816374,1445792,31257429,638995902,7121079,842,347
0,0.027344,-4,348.046875
0,-0.338379,7,348.002930
1,6389816244,1445792,31257308,638996026,7121030,843,348
0,-0.039062,-4,347.958984
0,0.143066,5,347.980957
1,6389816101,1445792,31257147,638995675,7120956,844,347
0,-0.414062,8,347.980957
0,0.000000,14,347.980957
1,6389816170,1445792,31257219,638996115,7120994,845,347
0,0.046875,4,347.980957
0,-0.007812,0,348.024902
1,6389816141,1445792,31257185,638996141,7120981,846,348
0,-0.309082,1,348.002930
0,-0.189941,-6,348.024902
1,6389816092,1445792,31257125,638995682,7120946,847,348
0,0.015625,3,348.046875
0,-0.019531,4,348.046875
1,6389816041,1445792,31257064,638995735,7120922,848,348
0,0.101074,7,348.046875
0,0.042969,7,348.090820
1,6389816104,1445792,31257160,638995673,7120961,849,348
0,0.035156,-1,348.134766
0,0.042969,-5,348.046875
1,6389816222,1445792,31257249,638996082,7121007,850,348
0,-0.188965,2,348.068848
0,-0.034180,-4,348.046875
1,6389816359,1445792,31257402,638995932,7121068,851,348
0,-0.007812,4,348.068848
0,-0.255371,8,348.112793
1,6389816176,1445792,31257223,638996120,7120996,852,348
0,0.188965,-3,348.134766
0,-0.127441,6,348.134766
1,6389816146,1445792,31257171,638996165,7120975,853,348
0,-0.208496,2,348.112793
0,-0.151855,8,348.178711
1,6389816089,1445792,31257102,638995725,7120938,854,348
0,-0.135254,6,348.046875
0,0.031250,8,348.222656
1,6389816071,1445792,31257097,638995732,7120936,855,348
0,-0.007812,-4,348.112793
0,0.081543,1,348.156738
1,6389816220,1445792,31257243,638996087,7121004,856,348
0,-0.197754,-6,348.134766
0,0.031250,3,348.156738
1,6389816029,1445792,31257032,638995791,7120909,857,348
0,0.332520,-7,348.134766
